"filename", "language", "Markdown", "Rust", "comment", "blank", "total"
"/Users/roek189/Library/CloudStorage/OneDrive-PNNL/Desktop/a/r/c/l/multi/oat/oat_suite/solar/developer/job_list.md", "Markdown", 1, 0, 0, -1, 0
"/Users/roek189/Library/CloudStorage/OneDrive-PNNL/Desktop/a/r/c/l/multi/oat/oat_suite/solar/src/algebra/chains/factored.rs", "Rust", 0, 10, 5, 1, 16
"/Users/roek189/Library/CloudStorage/OneDrive-PNNL/Desktop/a/r/c/l/multi/oat/oat_suite/solar/src/algebra/matrices/help/creating_new_matrix_types.rs", "Rust", 0, 0, 3, 0, 3
"/Users/roek189/Library/CloudStorage/OneDrive-PNNL/Desktop/a/r/c/l/multi/oat/oat_suite/solar/src/algebra/matrices/mod.rs", "Rust", 0, 0, -2, 0, -2
"/Users/roek189/Library/CloudStorage/OneDrive-PNNL/Desktop/a/r/c/l/multi/oat/oat_suite/solar/src/algebra/matrices/operations/mod.rs", "Rust", 0, 104, 44, 24, 172
"/Users/roek189/Library/CloudStorage/OneDrive-PNNL/Desktop/a/r/c/l/multi/oat/oat_suite/solar/src/algebra/matrices/operations/multiply.rs", "Rust", 0, -12, 11, -2, -3
"/Users/roek189/Library/CloudStorage/OneDrive-PNNL/Desktop/a/r/c/l/multi/oat/oat_suite/solar/src/algebra/matrices/operations/solve/echelon.rs", "Rust", 0, 271, 465, 107, 843
"/Users/roek189/Library/CloudStorage/OneDrive-PNNL/Desktop/a/r/c/l/multi/oat/oat_suite/solar/src/algebra/matrices/operations/umatch/mod.rs", "Rust", 0, 0, 2, 0, 2
"/Users/roek189/Library/CloudStorage/OneDrive-PNNL/Desktop/a/r/c/l/multi/oat/oat_suite/solar/src/algebra/matrices/operations/umatch/row_major.rs", "Rust", 0, -3334, -1342, -1075, -5751
"/Users/roek189/Library/CloudStorage/OneDrive-PNNL/Desktop/a/r/c/l/multi/oat/oat_suite/solar/src/algebra/matrices/operations/umatch/row_major/comb.rs", "Rust", 0, 1351, 664, 366, 2381
"/Users/roek189/Library/CloudStorage/OneDrive-PNNL/Desktop/a/r/c/l/multi/oat/oat_suite/solar/src/algebra/matrices/operations/umatch/row_major/construction.rs", "Rust", 0, 650, 331, 254, 1235
"/Users/roek189/Library/CloudStorage/OneDrive-PNNL/Desktop/a/r/c/l/multi/oat/oat_suite/solar/src/algebra/matrices/operations/umatch/row_major/mod.rs", "Rust", 0, 1835, 860, 558, 3253
"/Users/roek189/Library/CloudStorage/OneDrive-PNNL/Desktop/a/r/c/l/multi/oat/oat_suite/solar/src/algebra/matrices/query.rs", "Rust", 0, 1, 0, 1, 2
"/Users/roek189/Library/CloudStorage/OneDrive-PNNL/Desktop/a/r/c/l/multi/oat/oat_suite/solar/src/algebra/matrices/types/matching.rs", "Rust", 0, 77, 59, 10, 146
"/Users/roek189/Library/CloudStorage/OneDrive-PNNL/Desktop/a/r/c/l/multi/oat/oat_suite/solar/src/algebra/matrices/types/packet.rs", "Rust", 0, 180, 11, 30, 221
"/Users/roek189/Library/CloudStorage/OneDrive-PNNL/Desktop/a/r/c/l/multi/oat/oat_suite/solar/src/algebra/vectors/linear_combinations.rs", "Rust", 0, -164, -43, -38, -245
"/Users/roek189/Library/CloudStorage/OneDrive-PNNL/Desktop/a/r/c/l/multi/oat/oat_suite/solar/src/algebra/vectors/mod.rs", "Rust", 0, 1, 1, 7, 9
"/Users/roek189/Library/CloudStorage/OneDrive-PNNL/Desktop/a/r/c/l/multi/oat/oat_suite/solar/src/algebra/vectors/operations.rs", "Rust", 0, 148, 108, 34, 290
"/Users/roek189/Library/CloudStorage/OneDrive-PNNL/Desktop/a/r/c/l/multi/oat/oat_suite/solar/src/lib.rs", "Rust", 0, 0, 1, 0, 1
"/Users/roek189/Library/CloudStorage/OneDrive-PNNL/Desktop/a/r/c/l/multi/oat/oat_suite/solar/src/topology/simplicial/from/graph_weighted.rs", "Rust", 0, 1, 0, 0, 1
"/Users/roek189/Library/CloudStorage/OneDrive-PNNL/Desktop/a/r/c/l/multi/oat/oat_suite/solar/src/utilities/functions/evaluate.rs", "Rust", 0, 51, 79, 29, 159
"/Users/roek189/Library/CloudStorage/OneDrive-PNNL/Desktop/a/r/c/l/multi/oat/oat_suite/solar/src/utilities/iterators/general.rs", "Rust", 0, 266, 210, 119, 595
"/Users/roek189/Library/CloudStorage/OneDrive-PNNL/Desktop/a/r/c/l/multi/oat/oat_suite/solar/src/utilities/iterators/merge/hit.rs", "Rust", 0, 0, 2, 0, 2
"/Users/roek189/Library/CloudStorage/OneDrive-PNNL/Desktop/a/r/c/l/multi/oat/oat_suite/solar/src/utilities/sequences_and_ordinals.rs", "Rust", 0, 1, 0, 0, 1
"/Users/roek189/Library/CloudStorage/OneDrive-PNNL/Desktop/a/r/c/l/multi/oat/oat_suite/solar/src/utilities/sets.rs", "Rust", 0, 18, 24, 11, 53
"Total", "-", 1, 1455, 1493, 435, 3384