{"file:///Users/roek189/Library/CloudStorage/OneDrive-PNNL/Desktop/a/r/c/l/multi/oat/oat_suite/solar/CODE_OF_CONDUCT.md":{"language":"Markdown","code":25,"comment":0,"blank":10},"file:///Users/roek189/Library/CloudStorage/OneDrive-PNNL/Desktop/a/r/c/l/multi/oat/oat_suite/solar/LICENSE.md":{"language":"Markdown","code":6,"comment":0,"blank":3},"file:///Users/roek189/Library/CloudStorage/OneDrive-PNNL/Desktop/a/r/c/l/multi/oat/oat_suite/solar/developer/guidelines.rs":{"language":"Rust","code":0,"comment":53,"blank":1},"file:///Users/roek189/Library/CloudStorage/OneDrive-PNNL/Desktop/a/r/c/l/multi/oat/oat_suite/solar/developer/job_list.rs":{"language":"Rust","code":0,"comment":134,"blank":0},"file:///Users/roek189/Library/CloudStorage/OneDrive-PNNL/Desktop/a/r/c/l/multi/oat/oat_suite/solar/developer/README.md":{"language":"Markdown","code":1,"comment":0,"blank":0},"file:///Users/roek189/Library/CloudStorage/OneDrive-PNNL/Desktop/a/r/c/l/multi/oat/oat_suite/solar/developer/guidelines.md":{"language":"Markdown","code":39,"comment":0,"blank":14},"file:///Users/roek189/Library/CloudStorage/OneDrive-PNNL/Desktop/a/r/c/l/multi/oat/oat_suite/solar/developer/mod.rs":{"language":"Rust","code":4,"comment":1,"blank":1},"file:///Users/roek189/Library/CloudStorage/OneDrive-PNNL/Desktop/a/r/c/l/multi/oat/oat_suite/solar/developer/job_list.md":{"language":"Markdown","code":168,"comment":0,"blank":14},"file:///Users/roek189/Library/CloudStorage/OneDrive-PNNL/Desktop/a/r/c/l/multi/oat/oat_suite/solar/developer/open_questions.md":{"language":"Markdown","code":91,"comment":0,"blank":29},"file:///Users/roek189/Library/CloudStorage/OneDrive-PNNL/Desktop/a/r/c/l/multi/oat/oat_suite/solar/ATTRIBUTIONS.md":{"language":"Markdown","code":19,"comment":0,"blank":6},"file:///Users/roek189/Library/CloudStorage/OneDrive-PNNL/Desktop/a/r/c/l/multi/oat/oat_suite/solar/developer/design/matrix.md":{"language":"Markdown","code":97,"comment":0,"blank":25},"file:///Users/roek189/Library/CloudStorage/OneDrive-PNNL/Desktop/a/r/c/l/multi/oat/oat_suite/solar/README.md":{"language":"Markdown","code":18,"comment":0,"blank":15},"file:///Users/roek189/Library/CloudStorage/OneDrive-PNNL/Desktop/a/r/c/l/multi/oat/oat_suite/solar/src/main.rs":{"language":"Rust","code":3,"comment":7,"blank":5},"file:///Users/roek189/Library/CloudStorage/OneDrive-PNNL/Desktop/a/r/c/l/multi/oat/oat_suite/solar/DISCLAIMER.md":{"language":"Markdown","code":7,"comment":0,"blank":1},"file:///Users/roek189/Library/CloudStorage/OneDrive-PNNL/Desktop/a/r/c/l/multi/oat/oat_suite/solar/src/lib.rs":{"language":"Rust","code":4,"comment":355,"blank":5},"file:///Users/roek189/Library/CloudStorage/OneDrive-PNNL/Desktop/a/r/c/l/multi/oat/oat_suite/solar/src/bin/reusable_file_to_debug.rs":{"language":"Rust","code":3,"comment":0,"blank":4},"file:///Users/roek189/Library/CloudStorage/OneDrive-PNNL/Desktop/a/r/c/l/multi/oat/oat_suite/solar/src/tutorials/solar_quick_start.rs":{"language":"Rust","code":0,"comment":178,"blank":3},"file:///Users/roek189/Library/CloudStorage/OneDrive-PNNL/Desktop/a/r/c/l/multi/oat/oat_suite/solar/src/tutorials/persistent_homology.rs":{"language":"Rust","code":0,"comment":345,"blank":56},"file:///Users/roek189/Library/CloudStorage/OneDrive-PNNL/Desktop/a/r/c/l/multi/oat/oat_suite/solar/src/tutorials/mod.rs":{"language":"Rust","code":4,"comment":2,"blank":1},"file:///Users/roek189/Library/CloudStorage/OneDrive-PNNL/Desktop/a/r/c/l/multi/oat/oat_suite/solar/src/tutorials/matrix_oracle_first_steps.rs":{"language":"Rust","code":0,"comment":209,"blank":23},"file:///Users/roek189/Library/CloudStorage/OneDrive-PNNL/Desktop/a/r/c/l/multi/oat/oat_suite/solar/src/algebra/matrices/mod.rs":{"language":"Rust","code":55,"comment":242,"blank":40},"file:///Users/roek189/Library/CloudStorage/OneDrive-PNNL/Desktop/a/r/c/l/multi/oat/oat_suite/solar/src/algebra/matrices/debug.rs":{"language":"Rust","code":218,"comment":28,"blank":31},"file:///Users/roek189/Library/CloudStorage/OneDrive-PNNL/Desktop/a/r/c/l/multi/oat/oat_suite/solar/src/tutorials/homology.rs":{"language":"Rust","code":0,"comment":339,"blank":46},"file:///Users/roek189/Library/CloudStorage/OneDrive-PNNL/Desktop/a/r/c/l/multi/oat/oat_suite/solar/src/algebra/matrices/query.rs":{"language":"Rust","code":504,"comment":511,"blank":265},"file:///Users/roek189/Library/CloudStorage/OneDrive-PNNL/Desktop/a/r/c/l/multi/oat/oat_suite/solar/src/topology/barcode.rs":{"language":"Rust","code":241,"comment":146,"blank":78},"file:///Users/roek189/Library/CloudStorage/OneDrive-PNNL/Desktop/a/r/c/l/multi/oat/oat_suite/solar/src/algebra/matrices/random_constructors.rs":{"language":"Rust","code":110,"comment":36,"blank":30},"file:///Users/roek189/Library/CloudStorage/OneDrive-PNNL/Desktop/a/r/c/l/multi/oat/oat_suite/solar/src/topology/mod.rs":{"language":"Rust","code":3,"comment":2,"blank":2},"file:///Users/roek189/Library/CloudStorage/OneDrive-PNNL/Desktop/a/r/c/l/multi/oat/oat_suite/solar/src/algebra/chains/factored.rs":{"language":"Rust","code":392,"comment":189,"blank":82},"file:///Users/roek189/Library/CloudStorage/OneDrive-PNNL/Desktop/a/r/c/l/multi/oat/oat_suite/solar/src/algebra/chains/jordan.rs":{"language":"Rust","code":230,"comment":61,"blank":43},"file:///Users/roek189/Library/CloudStorage/OneDrive-PNNL/Desktop/a/r/c/l/multi/oat/oat_suite/solar/src/tutorials/rust/mod.rs":{"language":"Rust","code":4,"comment":1,"blank":1},"file:///Users/roek189/Library/CloudStorage/OneDrive-PNNL/Desktop/a/r/c/l/multi/oat/oat_suite/solar/src/tutorials/rust/traits.rs":{"language":"Rust","code":0,"comment":27,"blank":0},"file:///Users/roek189/Library/CloudStorage/OneDrive-PNNL/Desktop/a/r/c/l/multi/oat/oat_suite/solar/src/algebra/chains/mod.rs":{"language":"Rust","code":2,"comment":1,"blank":1},"file:///Users/roek189/Library/CloudStorage/OneDrive-PNNL/Desktop/a/r/c/l/multi/oat/oat_suite/solar/src/topology/point_cloud.rs":{"language":"Rust","code":17,"comment":2,"blank":6},"file:///Users/roek189/Library/CloudStorage/OneDrive-PNNL/Desktop/a/r/c/l/multi/oat/oat_suite/solar/src/tutorials/rust/references.rs":{"language":"Rust","code":0,"comment":41,"blank":2},"file:///Users/roek189/Library/CloudStorage/OneDrive-PNNL/Desktop/a/r/c/l/multi/oat/oat_suite/solar/src/tutorials/rust/rust_workflow.rs":{"language":"Rust","code":0,"comment":46,"blank":7},"file:///Users/roek189/Library/CloudStorage/OneDrive-PNNL/Desktop/a/r/c/l/multi/oat/oat_suite/solar/src/utilities/iterators/general.rs":{"language":"Rust","code":820,"comment":566,"blank":334},"file:///Users/roek189/Library/CloudStorage/OneDrive-PNNL/Desktop/a/r/c/l/multi/oat/oat_suite/solar/src/algebra/matrices/operations/transpose.rs":{"language":"Rust","code":0,"comment":1,"blank":0},"file:///Users/roek189/Library/CloudStorage/OneDrive-PNNL/Desktop/a/r/c/l/multi/oat/oat_suite/solar/src/utilities/iterators/is_sorted.rs":{"language":"Rust","code":30,"comment":34,"blank":18},"file:///Users/roek189/Library/CloudStorage/OneDrive-PNNL/Desktop/a/r/c/l/multi/oat/oat_suite/solar/src/utilities/iterators/mod.rs":{"language":"Rust","code":3,"comment":1,"blank":2},"file:///Users/roek189/Library/CloudStorage/OneDrive-PNNL/Desktop/a/r/c/l/multi/oat/oat_suite/solar/src/algebra/matrices/operations/invert.rs":{"language":"Rust","code":366,"comment":240,"blank":142},"file:///Users/roek189/Library/CloudStorage/OneDrive-PNNL/Desktop/a/r/c/l/multi/oat/oat_suite/solar/src/algebra/matrices/operations/mod.rs":{"language":"Rust","code":112,"comment":55,"blank":25},"file:///Users/roek189/Library/CloudStorage/OneDrive-PNNL/Desktop/a/r/c/l/multi/oat/oat_suite/solar/src/algebra/matrices/types/prepend_viewmaj.rs":{"language":"Rust","code":102,"comment":51,"blank":56},"file:///Users/roek189/Library/CloudStorage/OneDrive-PNNL/Desktop/a/r/c/l/multi/oat/oat_suite/solar/src/algebra/matrices/help/trouble_shooting.rs":{"language":"Rust","code":0,"comment":14,"blank":1},"file:///Users/roek189/Library/CloudStorage/OneDrive-PNNL/Desktop/a/r/c/l/multi/oat/oat_suite/solar/src/algebra/matrices/help/working_with_matrices.rs":{"language":"Rust","code":0,"comment":8,"blank":1},"file:///Users/roek189/Library/CloudStorage/OneDrive-PNNL/Desktop/a/r/c/l/multi/oat/oat_suite/solar/src/algebra/matrices/types/transpose.rs":{"language":"Rust","code":123,"comment":85,"blank":126},"file:///Users/roek189/Library/CloudStorage/OneDrive-PNNL/Desktop/a/r/c/l/multi/oat/oat_suite/solar/src/algebra/matrices/help/mod.rs":{"language":"Rust","code":3,"comment":1,"blank":2},"file:///Users/roek189/Library/CloudStorage/OneDrive-PNNL/Desktop/a/r/c/l/multi/oat/oat_suite/solar/src/algebra/matrices/types/third_party.rs":{"language":"Rust","code":231,"comment":146,"blank":107},"file:///Users/roek189/Library/CloudStorage/OneDrive-PNNL/Desktop/a/r/c/l/multi/oat/oat_suite/solar/src/algebra/matrices/types/matching.rs":{"language":"Rust","code":582,"comment":325,"blank":204},"file:///Users/roek189/Library/CloudStorage/OneDrive-PNNL/Desktop/a/r/c/l/multi/oat/oat_suite/solar/src/algebra/matrices/types/hash_of_vec.rs":{"language":"Rust","code":34,"comment":24,"blank":28},"file:///Users/roek189/Library/CloudStorage/OneDrive-PNNL/Desktop/a/r/c/l/multi/oat/oat_suite/solar/src/algebra/matrices/types/mod.rs":{"language":"Rust","code":8,"comment":3,"blank":2},"file:///Users/roek189/Library/CloudStorage/OneDrive-PNNL/Desktop/a/r/c/l/multi/oat/oat_suite/solar/src/algebra/matrices/types/packet.rs":{"language":"Rust","code":221,"comment":28,"blank":45},"file:///Users/roek189/Library/CloudStorage/OneDrive-PNNL/Desktop/a/r/c/l/multi/oat/oat_suite/solar/src/algebra/matrices/help/creating_new_matrix_types.rs":{"language":"Rust","code":0,"comment":377,"blank":0},"file:///Users/roek189/Library/CloudStorage/OneDrive-PNNL/Desktop/a/r/c/l/multi/oat/oat_suite/solar/src/algebra/matrices/types/compressed_sparse.rs":{"language":"Rust","code":0,"comment":9,"blank":3},"file:///Users/roek189/Library/CloudStorage/OneDrive-PNNL/Desktop/a/r/c/l/multi/oat/oat_suite/solar/src/algebra/matrices/types/csm.rs":{"language":"Rust","code":0,"comment":7,"blank":0},"file:///Users/roek189/Library/CloudStorage/OneDrive-PNNL/Desktop/a/r/c/l/multi/oat/oat_suite/solar/src/algebra/matrices/types/vec_of_vec.rs":{"language":"Rust","code":737,"comment":507,"blank":320},"file:///Users/roek189/Library/CloudStorage/OneDrive-PNNL/Desktop/a/r/c/l/multi/oat/oat_suite/solar/src/algebra/matrices/types/dense.rs":{"language":"Rust","code":5,"comment":0,"blank":4},"file:///Users/roek189/Library/CloudStorage/OneDrive-PNNL/Desktop/a/r/c/l/multi/oat/oat_suite/solar/src/algebra/matrices/types/scalar.rs":{"language":"Rust","code":126,"comment":250,"blank":89},"file:///Users/roek189/Library/CloudStorage/OneDrive-PNNL/Desktop/a/r/c/l/multi/oat/oat_suite/solar/src/algebra/matrices/types/vec_of_csvec.rs":{"language":"Rust","code":27,"comment":1,"blank":9},"file:///Users/roek189/Library/CloudStorage/OneDrive-PNNL/Desktop/a/r/c/l/multi/oat/oat_suite/solar/src/algebra/matrices/types/scalar_matrices.rs":{"language":"Rust","code":128,"comment":250,"blank":89},"file:///Users/roek189/Library/CloudStorage/OneDrive-PNNL/Desktop/a/r/c/l/multi/oat/oat_suite/solar/src/tutorials/rust/clones_and_copies.rs":{"language":"Rust","code":0,"comment":52,"blank":1},"file:///Users/roek189/Library/CloudStorage/OneDrive-PNNL/Desktop/a/r/c/l/multi/oat/oat_suite/solar/src/algebra/matrices/operations/transform_entry_wise.rs":{"language":"Rust","code":184,"comment":73,"blank":85},"file:///Users/roek189/Library/CloudStorage/OneDrive-PNNL/Desktop/a/r/c/l/multi/oat/oat_suite/solar/src/topology/zigzag/zigzag.rs":{"language":"Rust","code":30,"comment":8,"blank":9},"file:///Users/roek189/Library/CloudStorage/OneDrive-PNNL/Desktop/a/r/c/l/multi/oat/oat_suite/solar/src/algebra/matrices/operations/multiply.rs":{"language":"Rust","code":513,"comment":362,"blank":172},"file:///Users/roek189/Library/CloudStorage/OneDrive-PNNL/Desktop/a/r/c/l/multi/oat/oat_suite/solar/src/algebra/matrices/operations/transform_vector_wise.rs":{"language":"Rust","code":439,"comment":122,"blank":178},"file:///Users/roek189/Library/CloudStorage/OneDrive-PNNL/Desktop/a/r/c/l/multi/oat/oat_suite/solar/src/algebra/matrices/test.rs":{"language":"Rust","code":25,"comment":1,"blank":21},"file:///Users/roek189/Library/CloudStorage/OneDrive-PNNL/Desktop/a/r/c/l/multi/oat/oat_suite/solar/src/algebra/matrices/developer_notes.rs":{"language":"Rust","code":0,"comment":52,"blank":1},"file:///Users/roek189/Library/CloudStorage/OneDrive-PNNL/Desktop/a/r/c/l/multi/oat/oat_suite/solar/src/algebra/matrices/display.rs":{"language":"Rust","code":46,"comment":30,"blank":22},"file:///Users/roek189/Library/CloudStorage/OneDrive-PNNL/Desktop/a/r/c/l/multi/oat/oat_suite/solar/src/utilities/combinatorics.rs":{"language":"Rust","code":61,"comment":41,"blank":29},"file:///Users/roek189/Library/CloudStorage/OneDrive-PNNL/Desktop/a/r/c/l/multi/oat/oat_suite/solar/src/topology/zigzag/mod.rs":{"language":"Rust","code":1,"comment":0,"blank":0},"file:///Users/roek189/Library/CloudStorage/OneDrive-PNNL/Desktop/a/r/c/l/multi/oat/oat_suite/solar/src/utilities/iterators/merge/two_type.rs":{"language":"Rust","code":75,"comment":27,"blank":32},"file:///Users/roek189/Library/CloudStorage/OneDrive-PNNL/Desktop/a/r/c/l/multi/oat/oat_suite/solar/src/utilities/indexing_and_bijection.rs":{"language":"Rust","code":102,"comment":75,"blank":61},"file:///Users/roek189/Library/CloudStorage/OneDrive-PNNL/Desktop/a/r/c/l/multi/oat/oat_suite/solar/src/utilities/iterators/merge/hit.rs":{"language":"Rust","code":284,"comment":303,"blank":110},"file:///Users/roek189/Library/CloudStorage/OneDrive-PNNL/Desktop/a/r/c/l/multi/oat/oat_suite/solar/src/utilities/iterators/merge/two_iter_different_type.rs":{"language":"Rust","code":75,"comment":27,"blank":32},"file:///Users/roek189/Library/CloudStorage/OneDrive-PNNL/Desktop/a/r/c/l/multi/oat/oat_suite/solar/src/utilities/iterators/merge/heap_of_iterators.rs":{"language":"Rust","code":284,"comment":297,"blank":110},"file:///Users/roek189/Library/CloudStorage/OneDrive-PNNL/Desktop/a/r/c/l/multi/oat/oat_suite/solar/src/utilities/sets.rs":{"language":"Rust","code":52,"comment":44,"blank":25},"file:///Users/roek189/Library/CloudStorage/OneDrive-PNNL/Desktop/a/r/c/l/multi/oat/oat_suite/solar/src/utilities/mod.rs":{"language":"Rust","code":13,"comment":5,"blank":2},"file:///Users/roek189/Library/CloudStorage/OneDrive-PNNL/Desktop/a/r/c/l/multi/oat/oat_suite/solar/src/utilities/statistics.rs":{"language":"Rust","code":13,"comment":6,"blank":4},"file:///Users/roek189/Library/CloudStorage/OneDrive-PNNL/Desktop/a/r/c/l/multi/oat/oat_suite/solar/src/utilities/sequences_and_ordinals.rs":{"language":"Rust","code":259,"comment":246,"blank":123},"file:///Users/roek189/Library/CloudStorage/OneDrive-PNNL/Desktop/a/r/c/l/multi/oat/oat_suite/solar/src/utilities/binary_search.rs":{"language":"Rust","code":82,"comment":162,"blank":22},"file:///Users/roek189/Library/CloudStorage/OneDrive-PNNL/Desktop/a/r/c/l/multi/oat/oat_suite/solar/src/utilities/distances.rs":{"language":"Rust","code":21,"comment":3,"blank":20},"file:///Users/roek189/Library/CloudStorage/OneDrive-PNNL/Desktop/a/r/c/l/multi/oat/oat_suite/solar/src/utilities/iterators/merge/mod.rs":{"language":"Rust","code":2,"comment":21,"blank":3},"file:///Users/roek189/Library/CloudStorage/OneDrive-PNNL/Desktop/a/r/c/l/multi/oat/oat_suite/solar/src/utilities/heaps/heap.rs":{"language":"Rust","code":174,"comment":170,"blank":68},"file:///Users/roek189/Library/CloudStorage/OneDrive-PNNL/Desktop/a/r/c/l/multi/oat/oat_suite/solar/src/algebra/matrices/operations/vec_of_vec_reduction.rs":{"language":"Rust","code":185,"comment":123,"blank":58},"file:///Users/roek189/Library/CloudStorage/OneDrive-PNNL/Desktop/a/r/c/l/multi/oat/oat_suite/solar/src/algebra/matrices/operations/umatch/diagnostics.rs":{"language":"Rust","code":215,"comment":42,"blank":52},"file:///Users/roek189/Library/CloudStorage/OneDrive-PNNL/Desktop/a/r/c/l/multi/oat/oat_suite/solar/src/topology/simplicial/boundary.rs":{"language":"Rust","code":153,"comment":174,"blank":97},"file:///Users/roek189/Library/CloudStorage/OneDrive-PNNL/Desktop/a/r/c/l/multi/oat/oat_suite/solar/src/algebra/matrices/operations/solve/mod.rs":{"language":"Rust","code":2,"comment":9,"blank":2},"file:///Users/roek189/Library/CloudStorage/OneDrive-PNNL/Desktop/a/r/c/l/multi/oat/oat_suite/solar/src/algebra/matrices/operations/solve/echelon.rs":{"language":"Rust","code":1179,"comment":865,"blank":438},"file:///Users/roek189/Library/CloudStorage/OneDrive-PNNL/Desktop/a/r/c/l/multi/oat/oat_suite/solar/src/algebra/matrices/operations/solve/triangle.rs":{"language":"Rust","code":367,"comment":176,"blank":142},"file:///Users/roek189/Library/CloudStorage/OneDrive-PNNL/Desktop/a/r/c/l/multi/oat/oat_suite/solar/src/utilities/heaps/mod.rs":{"language":"Rust","code":1,"comment":2,"blank":3},"file:///Users/roek189/Library/CloudStorage/OneDrive-PNNL/Desktop/a/r/c/l/multi/oat/oat_suite/solar/src/algebra/matrices/operations/umatch/developer.rs":{"language":"Rust","code":0,"comment":88,"blank":0},"file:///Users/roek189/Library/CloudStorage/OneDrive-PNNL/Desktop/a/r/c/l/multi/oat/oat_suite/solar/src/algebra/matrices/operations/umatch/mod.rs":{"language":"Rust","code":2,"comment":35,"blank":3},"file:///Users/roek189/Library/CloudStorage/OneDrive-PNNL/Desktop/a/r/c/l/multi/oat/oat_suite/solar/src/utilities/random.rs":{"language":"Rust","code":51,"comment":11,"blank":17},"file:///Users/roek189/Library/CloudStorage/OneDrive-PNNL/Desktop/a/r/c/l/multi/oat/oat_suite/solar/src/topology/simplicial/mod.rs":{"language":"Rust","code":4,"comment":7,"blank":1},"file:///Users/roek189/Library/CloudStorage/OneDrive-PNNL/Desktop/a/r/c/l/multi/oat/oat_suite/solar/src/utilities/functions/mod.rs":{"language":"Rust","code":2,"comment":7,"blank":1},"file:///Users/roek189/Library/CloudStorage/OneDrive-PNNL/Desktop/a/r/c/l/multi/oat/oat_suite/solar/src/utilities/order.rs":{"language":"Rust","code":299,"comment":212,"blank":144},"file:///Users/roek189/Library/CloudStorage/OneDrive-PNNL/Desktop/a/r/c/l/multi/oat/oat_suite/solar/src/utilities/functions/evaluate.rs":{"language":"Rust","code":376,"comment":370,"blank":223},"file:///Users/roek189/Library/CloudStorage/OneDrive-PNNL/Desktop/a/r/c/l/multi/oat/oat_suite/solar/src/topology/bin/profiling.rs":{"language":"Rust","code":0,"comment":31,"blank":12},"file:///Users/roek189/Library/CloudStorage/OneDrive-PNNL/Desktop/a/r/c/l/multi/oat/oat_suite/solar/src/utilities/functions/compose.rs":{"language":"Rust","code":55,"comment":29,"blank":41},"file:///Users/roek189/Library/CloudStorage/OneDrive-PNNL/Desktop/a/r/c/l/multi/oat/oat_suite/solar/src/topology/simplicial/from/relation.rs":{"language":"Rust","code":527,"comment":513,"blank":297},"file:///Users/roek189/Library/CloudStorage/OneDrive-PNNL/Desktop/a/r/c/l/multi/oat/oat_suite/solar/src/topology/simplicial/from/enumeration.rs":{"language":"Rust","code":63,"comment":62,"blank":50},"file:///Users/roek189/Library/CloudStorage/OneDrive-PNNL/Desktop/a/r/c/l/multi/oat/oat_suite/solar/src/topology/simplicial/from/mod.rs":{"language":"Rust","code":4,"comment":3,"blank":1},"file:///Users/roek189/Library/CloudStorage/OneDrive-PNNL/Desktop/a/r/c/l/multi/oat/oat_suite/solar/src/algebra/mod.rs":{"language":"Rust","code":4,"comment":3,"blank":2},"file:///Users/roek189/Library/CloudStorage/OneDrive-PNNL/Desktop/a/r/c/l/multi/oat/oat_suite/solar/src/topology/simplicial/simplices/mod.rs":{"language":"Rust","code":3,"comment":1,"blank":2},"file:///Users/roek189/Library/CloudStorage/OneDrive-PNNL/Desktop/a/r/c/l/multi/oat/oat_suite/solar/src/topology/simplicial/from/graph_weighted.rs":{"language":"Rust","code":763,"comment":626,"blank":310},"file:///Users/roek189/Library/CloudStorage/OneDrive-PNNL/Desktop/a/r/c/l/multi/oat/oat_suite/solar/src/topology/simplicial/simplices/vector.rs":{"language":"Rust","code":308,"comment":179,"blank":91},"file:///Users/roek189/Library/CloudStorage/OneDrive-PNNL/Desktop/a/r/c/l/multi/oat/oat_suite/solar/src/topology/simplicial/simplices/filtered.rs":{"language":"Rust","code":68,"comment":29,"blank":43},"file:///Users/roek189/Library/CloudStorage/OneDrive-PNNL/Desktop/a/r/c/l/multi/oat/oat_suite/solar/src/utilities/optimization/objective_bounding.rs":{"language":"Rust","code":0,"comment":0,"blank":1},"file:///Users/roek189/Library/CloudStorage/OneDrive-PNNL/Desktop/a/r/c/l/multi/oat/oat_suite/solar/src/topology/simplicial/from/graph.rs":{"language":"Rust","code":315,"comment":121,"blank":150},"file:///Users/roek189/Library/CloudStorage/OneDrive-PNNL/Desktop/a/r/c/l/multi/oat/oat_suite/solar/src/topology/simplicial/from/graph_weighted_ref.rs":{"language":"Rust","code":726,"comment":618,"blank":300},"file:///Users/roek189/Library/CloudStorage/OneDrive-PNNL/Desktop/a/r/c/l/multi/oat/oat_suite/solar/src/topology/simplicial/from/poset.rs":{"language":"Rust","code":0,"comment":221,"blank":62},"file:///Users/roek189/Library/CloudStorage/OneDrive-PNNL/Desktop/a/r/c/l/multi/oat/oat_suite/solar/src/utilities/optimization/mod.rs":{"language":"Rust","code":3,"comment":7,"blank":2},"file:///Users/roek189/Library/CloudStorage/OneDrive-PNNL/Desktop/a/r/c/l/multi/oat/oat_suite/solar/src/utilities/optimization/objective_cycle_breaking.rs":{"language":"Rust","code":266,"comment":168,"blank":83},"file:///Users/roek189/Library/CloudStorage/OneDrive-PNNL/Desktop/a/r/c/l/multi/oat/oat_suite/solar/src/utilities/optimization/cycle_optimization_custom_pivot.rs":{"language":"Rust","code":119,"comment":119,"blank":76},"file:///Users/roek189/Library/CloudStorage/OneDrive-PNNL/Desktop/a/r/c/l/multi/oat/oat_suite/solar/src/utilities/optimization/minimize_l1.rs":{"language":"Rust","code":156,"comment":183,"blank":64},"file:///Users/roek189/Library/CloudStorage/OneDrive-PNNL/Desktop/a/r/c/l/multi/oat/oat_suite/solar/src/utilities/optimization/objective_cycle.rs":{"language":"Rust","code":290,"comment":117,"blank":78},"file:///Users/roek189/Library/CloudStorage/OneDrive-PNNL/Desktop/a/r/c/l/multi/oat/oat_suite/solar/src/topology/bin/profiling_clique.rs":{"language":"Rust","code":76,"comment":32,"blank":33},"file:///Users/roek189/Library/CloudStorage/OneDrive-PNNL/Desktop/a/r/c/l/multi/oat/oat_suite/solar/src/algebra/matrices/operations/umatch/row_major/mod.rs":{"language":"Rust","code":1835,"comment":860,"blank":558},"file:///Users/roek189/Library/CloudStorage/OneDrive-PNNL/Desktop/a/r/c/l/multi/oat/oat_suite/solar/src/algebra/matrices/operations/umatch/row_major/construction.rs":{"language":"Rust","code":650,"comment":331,"blank":254},"file:///Users/roek189/Library/CloudStorage/OneDrive-PNNL/Desktop/a/r/c/l/multi/oat/oat_suite/solar/src/algebra/matrices/operations/umatch/row_major/comb.rs":{"language":"Rust","code":1351,"comment":664,"blank":366},"file:///Users/roek189/Library/CloudStorage/OneDrive-PNNL/Desktop/a/r/c/l/multi/oat/oat_suite/solar/src/algebra/rings/mod.rs":{"language":"Rust","code":2,"comment":80,"blank":2},"file:///Users/roek189/Library/CloudStorage/OneDrive-PNNL/Desktop/a/r/c/l/multi/oat/oat_suite/solar/src/algebra/vectors/mod.rs":{"language":"Rust","code":4,"comment":44,"blank":12},"file:///Users/roek189/Library/CloudStorage/OneDrive-PNNL/Desktop/a/r/c/l/multi/oat/oat_suite/solar/src/algebra/rings/operator_traits.rs":{"language":"Rust","code":55,"comment":51,"blank":49},"file:///Users/roek189/Library/CloudStorage/OneDrive-PNNL/Desktop/a/r/c/l/multi/oat/oat_suite/solar/src/algebra/vectors/operations.rs":{"language":"Rust","code":1116,"comment":1254,"blank":336},"file:///Users/roek189/Library/CloudStorage/OneDrive-PNNL/Desktop/a/r/c/l/multi/oat/oat_suite/solar/src/algebra/vectors/entries.rs":{"language":"Rust","code":167,"comment":137,"blank":114},"file:///Users/roek189/Library/CloudStorage/OneDrive-PNNL/Desktop/a/r/c/l/multi/oat/oat_suite/solar/src/topology/simplicial/misc/mod.rs":{"language":"Rust","code":1,"comment":1,"blank":1},"file:///Users/roek189/Library/CloudStorage/OneDrive-PNNL/Desktop/a/r/c/l/multi/oat/oat_suite/solar/src/topology/simplicial/from/relation_weighted/relation_weighted.rs":{"language":"Rust","code":0,"comment":30,"blank":0},"file:///Users/roek189/Library/CloudStorage/OneDrive-PNNL/Desktop/a/r/c/l/multi/oat/oat_suite/solar/src/topology/simplicial/misc/permutation.rs":{"language":"Rust","code":56,"comment":51,"blank":31},"file:///Users/roek189/Library/CloudStorage/OneDrive-PNNL/Desktop/a/r/c/l/multi/oat/oat_suite/solar/src/utilities/optimization/gurobi/l1_norm.rs":{"language":"Rust","code":210,"comment":205,"blank":76},"file:///Users/roek189/Library/CloudStorage/OneDrive-PNNL/Desktop/a/r/c/l/multi/oat/oat_suite/solar/src/algebra/rings/operator_structs/mod.rs":{"language":"Rust","code":2,"comment":1,"blank":1},"file:///Users/roek189/Library/CloudStorage/OneDrive-PNNL/Desktop/a/r/c/l/multi/oat/oat_suite/solar/src/algebra/rings/operator_structs/ring_native.rs":{"language":"Rust","code":229,"comment":180,"blank":51},"file:///Users/roek189/Library/CloudStorage/OneDrive-PNNL/Desktop/a/r/c/l/multi/oat/oat_suite/solar/CONTRIBUTING.md":{"language":"Markdown","code":24,"comment":0,"blank":15},"file:///Users/roek189/Library/CloudStorage/OneDrive-PNNL/Desktop/a/r/c/l/multi/oat/oat_suite/solar/user/rust_debugging.md":{"language":"Markdown","code":8,"comment":0,"blank":6},"file:///Users/roek189/Library/CloudStorage/OneDrive-PNNL/Desktop/a/r/c/l/multi/oat/oat_suite/solar/src/algebra/vectors/implementors/mod.rs":{"language":"Rust","code":1,"comment":0,"blank":0},"file:///Users/roek189/Library/CloudStorage/OneDrive-PNNL/Desktop/a/r/c/l/multi/oat/oat_suite/solar/src/algebra/vectors/implementors/csv.rs":{"language":"Rust","code":11,"comment":1,"blank":8},"file:///Users/roek189/Library/CloudStorage/OneDrive-PNNL/Desktop/a/r/c/l/multi/oat/oat_suite/solar/src/topology/simplicial/simplices/unfiltered.rs":{"language":"Rust","code":96,"comment":50,"blank":42},"file:///Users/roek189/Library/CloudStorage/OneDrive-PNNL/Desktop/a/r/c/l/multi/oat/oat_suite/solar/src/algebra/rings/operator_structs/field_prime_order.rs":{"language":"Rust","code":135,"comment":177,"blank":70},"file:///Users/roek189/Library/CloudStorage/OneDrive-PNNL/Desktop/a/r/c/l/multi/oat/oat_suite/solar/src/utilities/optimization/gurobi/mod.rs":{"language":"Rust","code":1,"comment":33,"blank":1},"file:///Users/roek189/Library/CloudStorage/OneDrive-PNNL/Desktop/a/r/c/l/multi/oat/oat_suite/solar/user/README.md":{"language":"Markdown","code":1,"comment":0,"blank":2}}