"filename", "language", "Markdown", "Rust", "comment", "blank", "total"
"/Users/roek189/Library/CloudStorage/OneDrive-PNNL/Desktop/a/r/c/l/multi/oat/oat_suite/solar/ATTRIBUTIONS.md", "Markdown", 19, 0, 0, 6, 25
"/Users/roek189/Library/CloudStorage/OneDrive-PNNL/Desktop/a/r/c/l/multi/oat/oat_suite/solar/CODE_OF_CONDUCT.md", "Markdown", 25, 0, 0, 10, 35
"/Users/roek189/Library/CloudStorage/OneDrive-PNNL/Desktop/a/r/c/l/multi/oat/oat_suite/solar/CONTRIBUTING.md", "Markdown", 24, 0, 0, 15, 39
"/Users/roek189/Library/CloudStorage/OneDrive-PNNL/Desktop/a/r/c/l/multi/oat/oat_suite/solar/DISCLAIMER.md", "Markdown", 7, 0, 0, 1, 8
"/Users/roek189/Library/CloudStorage/OneDrive-PNNL/Desktop/a/r/c/l/multi/oat/oat_suite/solar/LICENSE.md", "Markdown", 6, 0, 0, 3, 9
"/Users/roek189/Library/CloudStorage/OneDrive-PNNL/Desktop/a/r/c/l/multi/oat/oat_suite/solar/README.md", "Markdown", 18, 0, 0, 15, 33
"/Users/roek189/Library/CloudStorage/OneDrive-PNNL/Desktop/a/r/c/l/multi/oat/oat_suite/solar/developer/README.md", "Markdown", 1, 0, 0, 0, 1
"/Users/roek189/Library/CloudStorage/OneDrive-PNNL/Desktop/a/r/c/l/multi/oat/oat_suite/solar/developer/design/matrix.md", "Markdown", 97, 0, 0, 25, 122
"/Users/roek189/Library/CloudStorage/OneDrive-PNNL/Desktop/a/r/c/l/multi/oat/oat_suite/solar/developer/guidelines.md", "Markdown", 39, 0, 0, 14, 53
"/Users/roek189/Library/CloudStorage/OneDrive-PNNL/Desktop/a/r/c/l/multi/oat/oat_suite/solar/developer/guidelines.rs", "Rust", 0, 0, 53, 1, 54
"/Users/roek189/Library/CloudStorage/OneDrive-PNNL/Desktop/a/r/c/l/multi/oat/oat_suite/solar/developer/job_list.md", "Markdown", 168, 0, 0, 14, 182
"/Users/roek189/Library/CloudStorage/OneDrive-PNNL/Desktop/a/r/c/l/multi/oat/oat_suite/solar/developer/job_list.rs", "Rust", 0, 0, 134, 0, 134
"/Users/roek189/Library/CloudStorage/OneDrive-PNNL/Desktop/a/r/c/l/multi/oat/oat_suite/solar/developer/mod.rs", "Rust", 0, 4, 1, 1, 6
"/Users/roek189/Library/CloudStorage/OneDrive-PNNL/Desktop/a/r/c/l/multi/oat/oat_suite/solar/developer/open_questions.md", "Markdown", 91, 0, 0, 29, 120
"/Users/roek189/Library/CloudStorage/OneDrive-PNNL/Desktop/a/r/c/l/multi/oat/oat_suite/solar/src/algebra/chains/factored.rs", "Rust", 0, 392, 189, 82, 663
"/Users/roek189/Library/CloudStorage/OneDrive-PNNL/Desktop/a/r/c/l/multi/oat/oat_suite/solar/src/algebra/chains/jordan.rs", "Rust", 0, 230, 61, 43, 334
"/Users/roek189/Library/CloudStorage/OneDrive-PNNL/Desktop/a/r/c/l/multi/oat/oat_suite/solar/src/algebra/chains/mod.rs", "Rust", 0, 2, 1, 1, 4
"/Users/roek189/Library/CloudStorage/OneDrive-PNNL/Desktop/a/r/c/l/multi/oat/oat_suite/solar/src/algebra/matrices/debug.rs", "Rust", 0, 218, 28, 31, 277
"/Users/roek189/Library/CloudStorage/OneDrive-PNNL/Desktop/a/r/c/l/multi/oat/oat_suite/solar/src/algebra/matrices/developer_notes.rs", "Rust", 0, 0, 52, 1, 53
"/Users/roek189/Library/CloudStorage/OneDrive-PNNL/Desktop/a/r/c/l/multi/oat/oat_suite/solar/src/algebra/matrices/display.rs", "Rust", 0, 46, 30, 22, 98
"/Users/roek189/Library/CloudStorage/OneDrive-PNNL/Desktop/a/r/c/l/multi/oat/oat_suite/solar/src/algebra/matrices/help/creating_new_matrix_types.rs", "Rust", 0, 0, 377, 0, 377
"/Users/roek189/Library/CloudStorage/OneDrive-PNNL/Desktop/a/r/c/l/multi/oat/oat_suite/solar/src/algebra/matrices/help/mod.rs", "Rust", 0, 3, 1, 2, 6
"/Users/roek189/Library/CloudStorage/OneDrive-PNNL/Desktop/a/r/c/l/multi/oat/oat_suite/solar/src/algebra/matrices/help/trouble_shooting.rs", "Rust", 0, 0, 14, 1, 15
"/Users/roek189/Library/CloudStorage/OneDrive-PNNL/Desktop/a/r/c/l/multi/oat/oat_suite/solar/src/algebra/matrices/help/working_with_matrices.rs", "Rust", 0, 0, 8, 1, 9
"/Users/roek189/Library/CloudStorage/OneDrive-PNNL/Desktop/a/r/c/l/multi/oat/oat_suite/solar/src/algebra/matrices/mod.rs", "Rust", 0, 55, 242, 40, 337
"/Users/roek189/Library/CloudStorage/OneDrive-PNNL/Desktop/a/r/c/l/multi/oat/oat_suite/solar/src/algebra/matrices/operations/invert.rs", "Rust", 0, 366, 240, 142, 748
"/Users/roek189/Library/CloudStorage/OneDrive-PNNL/Desktop/a/r/c/l/multi/oat/oat_suite/solar/src/algebra/matrices/operations/mod.rs", "Rust", 0, 112, 55, 25, 192
"/Users/roek189/Library/CloudStorage/OneDrive-PNNL/Desktop/a/r/c/l/multi/oat/oat_suite/solar/src/algebra/matrices/operations/multiply.rs", "Rust", 0, 513, 362, 172, 1047
"/Users/roek189/Library/CloudStorage/OneDrive-PNNL/Desktop/a/r/c/l/multi/oat/oat_suite/solar/src/algebra/matrices/operations/solve/echelon.rs", "Rust", 0, 1179, 865, 438, 2482
"/Users/roek189/Library/CloudStorage/OneDrive-PNNL/Desktop/a/r/c/l/multi/oat/oat_suite/solar/src/algebra/matrices/operations/solve/mod.rs", "Rust", 0, 2, 9, 2, 13
"/Users/roek189/Library/CloudStorage/OneDrive-PNNL/Desktop/a/r/c/l/multi/oat/oat_suite/solar/src/algebra/matrices/operations/solve/triangle.rs", "Rust", 0, 367, 176, 142, 685
"/Users/roek189/Library/CloudStorage/OneDrive-PNNL/Desktop/a/r/c/l/multi/oat/oat_suite/solar/src/algebra/matrices/operations/transform_entry_wise.rs", "Rust", 0, 184, 73, 85, 342
"/Users/roek189/Library/CloudStorage/OneDrive-PNNL/Desktop/a/r/c/l/multi/oat/oat_suite/solar/src/algebra/matrices/operations/transform_vector_wise.rs", "Rust", 0, 439, 122, 178, 739
"/Users/roek189/Library/CloudStorage/OneDrive-PNNL/Desktop/a/r/c/l/multi/oat/oat_suite/solar/src/algebra/matrices/operations/transpose.rs", "Rust", 0, 0, 1, 0, 1
"/Users/roek189/Library/CloudStorage/OneDrive-PNNL/Desktop/a/r/c/l/multi/oat/oat_suite/solar/src/algebra/matrices/operations/umatch/developer.rs", "Rust", 0, 0, 88, 0, 88
"/Users/roek189/Library/CloudStorage/OneDrive-PNNL/Desktop/a/r/c/l/multi/oat/oat_suite/solar/src/algebra/matrices/operations/umatch/diagnostics.rs", "Rust", 0, 215, 42, 52, 309
"/Users/roek189/Library/CloudStorage/OneDrive-PNNL/Desktop/a/r/c/l/multi/oat/oat_suite/solar/src/algebra/matrices/operations/umatch/mod.rs", "Rust", 0, 2, 35, 3, 40
"/Users/roek189/Library/CloudStorage/OneDrive-PNNL/Desktop/a/r/c/l/multi/oat/oat_suite/solar/src/algebra/matrices/operations/umatch/row_major/comb.rs", "Rust", 0, 1351, 664, 366, 2381
"/Users/roek189/Library/CloudStorage/OneDrive-PNNL/Desktop/a/r/c/l/multi/oat/oat_suite/solar/src/algebra/matrices/operations/umatch/row_major/construction.rs", "Rust", 0, 650, 331, 254, 1235
"/Users/roek189/Library/CloudStorage/OneDrive-PNNL/Desktop/a/r/c/l/multi/oat/oat_suite/solar/src/algebra/matrices/operations/umatch/row_major/mod.rs", "Rust", 0, 1835, 860, 558, 3253
"/Users/roek189/Library/CloudStorage/OneDrive-PNNL/Desktop/a/r/c/l/multi/oat/oat_suite/solar/src/algebra/matrices/operations/vec_of_vec_reduction.rs", "Rust", 0, 185, 123, 58, 366
"/Users/roek189/Library/CloudStorage/OneDrive-PNNL/Desktop/a/r/c/l/multi/oat/oat_suite/solar/src/algebra/matrices/query.rs", "Rust", 0, 504, 511, 265, 1280
"/Users/roek189/Library/CloudStorage/OneDrive-PNNL/Desktop/a/r/c/l/multi/oat/oat_suite/solar/src/algebra/matrices/random_constructors.rs", "Rust", 0, 110, 36, 30, 176
"/Users/roek189/Library/CloudStorage/OneDrive-PNNL/Desktop/a/r/c/l/multi/oat/oat_suite/solar/src/algebra/matrices/test.rs", "Rust", 0, 25, 1, 21, 47
"/Users/roek189/Library/CloudStorage/OneDrive-PNNL/Desktop/a/r/c/l/multi/oat/oat_suite/solar/src/algebra/matrices/types/compressed_sparse.rs", "Rust", 0, 0, 9, 3, 12
"/Users/roek189/Library/CloudStorage/OneDrive-PNNL/Desktop/a/r/c/l/multi/oat/oat_suite/solar/src/algebra/matrices/types/csm.rs", "Rust", 0, 0, 7, 0, 7
"/Users/roek189/Library/CloudStorage/OneDrive-PNNL/Desktop/a/r/c/l/multi/oat/oat_suite/solar/src/algebra/matrices/types/dense.rs", "Rust", 0, 5, 0, 4, 9
"/Users/roek189/Library/CloudStorage/OneDrive-PNNL/Desktop/a/r/c/l/multi/oat/oat_suite/solar/src/algebra/matrices/types/hash_of_vec.rs", "Rust", 0, 34, 24, 28, 86
"/Users/roek189/Library/CloudStorage/OneDrive-PNNL/Desktop/a/r/c/l/multi/oat/oat_suite/solar/src/algebra/matrices/types/matching.rs", "Rust", 0, 582, 325, 204, 1111
"/Users/roek189/Library/CloudStorage/OneDrive-PNNL/Desktop/a/r/c/l/multi/oat/oat_suite/solar/src/algebra/matrices/types/mod.rs", "Rust", 0, 8, 3, 2, 13
"/Users/roek189/Library/CloudStorage/OneDrive-PNNL/Desktop/a/r/c/l/multi/oat/oat_suite/solar/src/algebra/matrices/types/packet.rs", "Rust", 0, 221, 28, 45, 294
"/Users/roek189/Library/CloudStorage/OneDrive-PNNL/Desktop/a/r/c/l/multi/oat/oat_suite/solar/src/algebra/matrices/types/prepend_viewmaj.rs", "Rust", 0, 102, 51, 56, 209
"/Users/roek189/Library/CloudStorage/OneDrive-PNNL/Desktop/a/r/c/l/multi/oat/oat_suite/solar/src/algebra/matrices/types/scalar.rs", "Rust", 0, 126, 250, 89, 465
"/Users/roek189/Library/CloudStorage/OneDrive-PNNL/Desktop/a/r/c/l/multi/oat/oat_suite/solar/src/algebra/matrices/types/scalar_matrices.rs", "Rust", 0, 128, 250, 89, 467
"/Users/roek189/Library/CloudStorage/OneDrive-PNNL/Desktop/a/r/c/l/multi/oat/oat_suite/solar/src/algebra/matrices/types/third_party.rs", "Rust", 0, 231, 146, 107, 484
"/Users/roek189/Library/CloudStorage/OneDrive-PNNL/Desktop/a/r/c/l/multi/oat/oat_suite/solar/src/algebra/matrices/types/transpose.rs", "Rust", 0, 123, 85, 126, 334
"/Users/roek189/Library/CloudStorage/OneDrive-PNNL/Desktop/a/r/c/l/multi/oat/oat_suite/solar/src/algebra/matrices/types/vec_of_csvec.rs", "Rust", 0, 27, 1, 9, 37
"/Users/roek189/Library/CloudStorage/OneDrive-PNNL/Desktop/a/r/c/l/multi/oat/oat_suite/solar/src/algebra/matrices/types/vec_of_vec.rs", "Rust", 0, 737, 507, 320, 1564
"/Users/roek189/Library/CloudStorage/OneDrive-PNNL/Desktop/a/r/c/l/multi/oat/oat_suite/solar/src/algebra/mod.rs", "Rust", 0, 4, 3, 2, 9
"/Users/roek189/Library/CloudStorage/OneDrive-PNNL/Desktop/a/r/c/l/multi/oat/oat_suite/solar/src/algebra/rings/mod.rs", "Rust", 0, 2, 80, 2, 84
"/Users/roek189/Library/CloudStorage/OneDrive-PNNL/Desktop/a/r/c/l/multi/oat/oat_suite/solar/src/algebra/rings/operator_structs/field_prime_order.rs", "Rust", 0, 135, 177, 70, 382
"/Users/roek189/Library/CloudStorage/OneDrive-PNNL/Desktop/a/r/c/l/multi/oat/oat_suite/solar/src/algebra/rings/operator_structs/mod.rs", "Rust", 0, 2, 1, 1, 4
"/Users/roek189/Library/CloudStorage/OneDrive-PNNL/Desktop/a/r/c/l/multi/oat/oat_suite/solar/src/algebra/rings/operator_structs/ring_native.rs", "Rust", 0, 229, 180, 51, 460
"/Users/roek189/Library/CloudStorage/OneDrive-PNNL/Desktop/a/r/c/l/multi/oat/oat_suite/solar/src/algebra/rings/operator_traits.rs", "Rust", 0, 55, 51, 49, 155
"/Users/roek189/Library/CloudStorage/OneDrive-PNNL/Desktop/a/r/c/l/multi/oat/oat_suite/solar/src/algebra/vectors/entries.rs", "Rust", 0, 167, 137, 114, 418
"/Users/roek189/Library/CloudStorage/OneDrive-PNNL/Desktop/a/r/c/l/multi/oat/oat_suite/solar/src/algebra/vectors/implementors/csv.rs", "Rust", 0, 11, 1, 8, 20
"/Users/roek189/Library/CloudStorage/OneDrive-PNNL/Desktop/a/r/c/l/multi/oat/oat_suite/solar/src/algebra/vectors/implementors/mod.rs", "Rust", 0, 1, 0, 0, 1
"/Users/roek189/Library/CloudStorage/OneDrive-PNNL/Desktop/a/r/c/l/multi/oat/oat_suite/solar/src/algebra/vectors/mod.rs", "Rust", 0, 4, 44, 12, 60
"/Users/roek189/Library/CloudStorage/OneDrive-PNNL/Desktop/a/r/c/l/multi/oat/oat_suite/solar/src/algebra/vectors/operations.rs", "Rust", 0, 1116, 1254, 336, 2706
"/Users/roek189/Library/CloudStorage/OneDrive-PNNL/Desktop/a/r/c/l/multi/oat/oat_suite/solar/src/bin/reusable_file_to_debug.rs", "Rust", 0, 3, 0, 4, 7
"/Users/roek189/Library/CloudStorage/OneDrive-PNNL/Desktop/a/r/c/l/multi/oat/oat_suite/solar/src/lib.rs", "Rust", 0, 4, 355, 5, 364
"/Users/roek189/Library/CloudStorage/OneDrive-PNNL/Desktop/a/r/c/l/multi/oat/oat_suite/solar/src/main.rs", "Rust", 0, 3, 7, 5, 15
"/Users/roek189/Library/CloudStorage/OneDrive-PNNL/Desktop/a/r/c/l/multi/oat/oat_suite/solar/src/topology/barcode.rs", "Rust", 0, 241, 146, 78, 465
"/Users/roek189/Library/CloudStorage/OneDrive-PNNL/Desktop/a/r/c/l/multi/oat/oat_suite/solar/src/topology/bin/profiling.rs", "Rust", 0, 0, 31, 12, 43
"/Users/roek189/Library/CloudStorage/OneDrive-PNNL/Desktop/a/r/c/l/multi/oat/oat_suite/solar/src/topology/bin/profiling_clique.rs", "Rust", 0, 76, 32, 33, 141
"/Users/roek189/Library/CloudStorage/OneDrive-PNNL/Desktop/a/r/c/l/multi/oat/oat_suite/solar/src/topology/mod.rs", "Rust", 0, 3, 2, 2, 7
"/Users/roek189/Library/CloudStorage/OneDrive-PNNL/Desktop/a/r/c/l/multi/oat/oat_suite/solar/src/topology/point_cloud.rs", "Rust", 0, 17, 2, 6, 25
"/Users/roek189/Library/CloudStorage/OneDrive-PNNL/Desktop/a/r/c/l/multi/oat/oat_suite/solar/src/topology/simplicial/boundary.rs", "Rust", 0, 153, 174, 97, 424
"/Users/roek189/Library/CloudStorage/OneDrive-PNNL/Desktop/a/r/c/l/multi/oat/oat_suite/solar/src/topology/simplicial/from/enumeration.rs", "Rust", 0, 63, 62, 50, 175
"/Users/roek189/Library/CloudStorage/OneDrive-PNNL/Desktop/a/r/c/l/multi/oat/oat_suite/solar/src/topology/simplicial/from/graph.rs", "Rust", 0, 315, 121, 150, 586
"/Users/roek189/Library/CloudStorage/OneDrive-PNNL/Desktop/a/r/c/l/multi/oat/oat_suite/solar/src/topology/simplicial/from/graph_weighted.rs", "Rust", 0, 763, 626, 310, 1699
"/Users/roek189/Library/CloudStorage/OneDrive-PNNL/Desktop/a/r/c/l/multi/oat/oat_suite/solar/src/topology/simplicial/from/graph_weighted_ref.rs", "Rust", 0, 726, 618, 300, 1644
"/Users/roek189/Library/CloudStorage/OneDrive-PNNL/Desktop/a/r/c/l/multi/oat/oat_suite/solar/src/topology/simplicial/from/mod.rs", "Rust", 0, 4, 3, 1, 8
"/Users/roek189/Library/CloudStorage/OneDrive-PNNL/Desktop/a/r/c/l/multi/oat/oat_suite/solar/src/topology/simplicial/from/poset.rs", "Rust", 0, 0, 221, 62, 283
"/Users/roek189/Library/CloudStorage/OneDrive-PNNL/Desktop/a/r/c/l/multi/oat/oat_suite/solar/src/topology/simplicial/from/relation.rs", "Rust", 0, 527, 513, 297, 1337
"/Users/roek189/Library/CloudStorage/OneDrive-PNNL/Desktop/a/r/c/l/multi/oat/oat_suite/solar/src/topology/simplicial/from/relation_weighted/relation_weighted.rs", "Rust", 0, 0, 30, 0, 30
"/Users/roek189/Library/CloudStorage/OneDrive-PNNL/Desktop/a/r/c/l/multi/oat/oat_suite/solar/src/topology/simplicial/misc/mod.rs", "Rust", 0, 1, 1, 1, 3
"/Users/roek189/Library/CloudStorage/OneDrive-PNNL/Desktop/a/r/c/l/multi/oat/oat_suite/solar/src/topology/simplicial/misc/permutation.rs", "Rust", 0, 56, 51, 31, 138
"/Users/roek189/Library/CloudStorage/OneDrive-PNNL/Desktop/a/r/c/l/multi/oat/oat_suite/solar/src/topology/simplicial/mod.rs", "Rust", 0, 4, 7, 1, 12
"/Users/roek189/Library/CloudStorage/OneDrive-PNNL/Desktop/a/r/c/l/multi/oat/oat_suite/solar/src/topology/simplicial/simplices/filtered.rs", "Rust", 0, 68, 29, 43, 140
"/Users/roek189/Library/CloudStorage/OneDrive-PNNL/Desktop/a/r/c/l/multi/oat/oat_suite/solar/src/topology/simplicial/simplices/mod.rs", "Rust", 0, 3, 1, 2, 6
"/Users/roek189/Library/CloudStorage/OneDrive-PNNL/Desktop/a/r/c/l/multi/oat/oat_suite/solar/src/topology/simplicial/simplices/unfiltered.rs", "Rust", 0, 96, 50, 42, 188
"/Users/roek189/Library/CloudStorage/OneDrive-PNNL/Desktop/a/r/c/l/multi/oat/oat_suite/solar/src/topology/simplicial/simplices/vector.rs", "Rust", 0, 308, 179, 91, 578
"/Users/roek189/Library/CloudStorage/OneDrive-PNNL/Desktop/a/r/c/l/multi/oat/oat_suite/solar/src/topology/zigzag/mod.rs", "Rust", 0, 1, 0, 0, 1
"/Users/roek189/Library/CloudStorage/OneDrive-PNNL/Desktop/a/r/c/l/multi/oat/oat_suite/solar/src/topology/zigzag/zigzag.rs", "Rust", 0, 30, 8, 9, 47
"/Users/roek189/Library/CloudStorage/OneDrive-PNNL/Desktop/a/r/c/l/multi/oat/oat_suite/solar/src/tutorials/homology.rs", "Rust", 0, 0, 339, 46, 385
"/Users/roek189/Library/CloudStorage/OneDrive-PNNL/Desktop/a/r/c/l/multi/oat/oat_suite/solar/src/tutorials/matrix_oracle_first_steps.rs", "Rust", 0, 0, 209, 23, 232
"/Users/roek189/Library/CloudStorage/OneDrive-PNNL/Desktop/a/r/c/l/multi/oat/oat_suite/solar/src/tutorials/mod.rs", "Rust", 0, 4, 2, 1, 7
"/Users/roek189/Library/CloudStorage/OneDrive-PNNL/Desktop/a/r/c/l/multi/oat/oat_suite/solar/src/tutorials/persistent_homology.rs", "Rust", 0, 0, 345, 56, 401
"/Users/roek189/Library/CloudStorage/OneDrive-PNNL/Desktop/a/r/c/l/multi/oat/oat_suite/solar/src/tutorials/rust/clones_and_copies.rs", "Rust", 0, 0, 52, 1, 53
"/Users/roek189/Library/CloudStorage/OneDrive-PNNL/Desktop/a/r/c/l/multi/oat/oat_suite/solar/src/tutorials/rust/mod.rs", "Rust", 0, 4, 1, 1, 6
"/Users/roek189/Library/CloudStorage/OneDrive-PNNL/Desktop/a/r/c/l/multi/oat/oat_suite/solar/src/tutorials/rust/references.rs", "Rust", 0, 0, 41, 2, 43
"/Users/roek189/Library/CloudStorage/OneDrive-PNNL/Desktop/a/r/c/l/multi/oat/oat_suite/solar/src/tutorials/rust/rust_workflow.rs", "Rust", 0, 0, 46, 7, 53
"/Users/roek189/Library/CloudStorage/OneDrive-PNNL/Desktop/a/r/c/l/multi/oat/oat_suite/solar/src/tutorials/rust/traits.rs", "Rust", 0, 0, 27, 0, 27
"/Users/roek189/Library/CloudStorage/OneDrive-PNNL/Desktop/a/r/c/l/multi/oat/oat_suite/solar/src/tutorials/solar_quick_start.rs", "Rust", 0, 0, 178, 3, 181
"/Users/roek189/Library/CloudStorage/OneDrive-PNNL/Desktop/a/r/c/l/multi/oat/oat_suite/solar/src/utilities/binary_search.rs", "Rust", 0, 82, 162, 22, 266
"/Users/roek189/Library/CloudStorage/OneDrive-PNNL/Desktop/a/r/c/l/multi/oat/oat_suite/solar/src/utilities/combinatorics.rs", "Rust", 0, 61, 41, 29, 131
"/Users/roek189/Library/CloudStorage/OneDrive-PNNL/Desktop/a/r/c/l/multi/oat/oat_suite/solar/src/utilities/distances.rs", "Rust", 0, 21, 3, 20, 44
"/Users/roek189/Library/CloudStorage/OneDrive-PNNL/Desktop/a/r/c/l/multi/oat/oat_suite/solar/src/utilities/functions/compose.rs", "Rust", 0, 55, 29, 41, 125
"/Users/roek189/Library/CloudStorage/OneDrive-PNNL/Desktop/a/r/c/l/multi/oat/oat_suite/solar/src/utilities/functions/evaluate.rs", "Rust", 0, 376, 370, 223, 969
"/Users/roek189/Library/CloudStorage/OneDrive-PNNL/Desktop/a/r/c/l/multi/oat/oat_suite/solar/src/utilities/functions/mod.rs", "Rust", 0, 2, 7, 1, 10
"/Users/roek189/Library/CloudStorage/OneDrive-PNNL/Desktop/a/r/c/l/multi/oat/oat_suite/solar/src/utilities/heaps/heap.rs", "Rust", 0, 174, 170, 68, 412
"/Users/roek189/Library/CloudStorage/OneDrive-PNNL/Desktop/a/r/c/l/multi/oat/oat_suite/solar/src/utilities/heaps/mod.rs", "Rust", 0, 1, 2, 3, 6
"/Users/roek189/Library/CloudStorage/OneDrive-PNNL/Desktop/a/r/c/l/multi/oat/oat_suite/solar/src/utilities/indexing_and_bijection.rs", "Rust", 0, 102, 75, 61, 238
"/Users/roek189/Library/CloudStorage/OneDrive-PNNL/Desktop/a/r/c/l/multi/oat/oat_suite/solar/src/utilities/iterators/general.rs", "Rust", 0, 820, 566, 334, 1720
"/Users/roek189/Library/CloudStorage/OneDrive-PNNL/Desktop/a/r/c/l/multi/oat/oat_suite/solar/src/utilities/iterators/is_sorted.rs", "Rust", 0, 30, 34, 18, 82
"/Users/roek189/Library/CloudStorage/OneDrive-PNNL/Desktop/a/r/c/l/multi/oat/oat_suite/solar/src/utilities/iterators/merge/heap_of_iterators.rs", "Rust", 0, 284, 297, 110, 691
"/Users/roek189/Library/CloudStorage/OneDrive-PNNL/Desktop/a/r/c/l/multi/oat/oat_suite/solar/src/utilities/iterators/merge/hit.rs", "Rust", 0, 284, 303, 110, 697
"/Users/roek189/Library/CloudStorage/OneDrive-PNNL/Desktop/a/r/c/l/multi/oat/oat_suite/solar/src/utilities/iterators/merge/mod.rs", "Rust", 0, 2, 21, 3, 26
"/Users/roek189/Library/CloudStorage/OneDrive-PNNL/Desktop/a/r/c/l/multi/oat/oat_suite/solar/src/utilities/iterators/merge/two_iter_different_type.rs", "Rust", 0, 75, 27, 32, 134
"/Users/roek189/Library/CloudStorage/OneDrive-PNNL/Desktop/a/r/c/l/multi/oat/oat_suite/solar/src/utilities/iterators/merge/two_type.rs", "Rust", 0, 75, 27, 32, 134
"/Users/roek189/Library/CloudStorage/OneDrive-PNNL/Desktop/a/r/c/l/multi/oat/oat_suite/solar/src/utilities/iterators/mod.rs", "Rust", 0, 3, 1, 2, 6
"/Users/roek189/Library/CloudStorage/OneDrive-PNNL/Desktop/a/r/c/l/multi/oat/oat_suite/solar/src/utilities/mod.rs", "Rust", 0, 13, 5, 2, 20
"/Users/roek189/Library/CloudStorage/OneDrive-PNNL/Desktop/a/r/c/l/multi/oat/oat_suite/solar/src/utilities/optimization/cycle_optimization_custom_pivot.rs", "Rust", 0, 119, 119, 76, 314
"/Users/roek189/Library/CloudStorage/OneDrive-PNNL/Desktop/a/r/c/l/multi/oat/oat_suite/solar/src/utilities/optimization/gurobi/l1_norm.rs", "Rust", 0, 210, 205, 76, 491
"/Users/roek189/Library/CloudStorage/OneDrive-PNNL/Desktop/a/r/c/l/multi/oat/oat_suite/solar/src/utilities/optimization/gurobi/mod.rs", "Rust", 0, 1, 33, 1, 35
"/Users/roek189/Library/CloudStorage/OneDrive-PNNL/Desktop/a/r/c/l/multi/oat/oat_suite/solar/src/utilities/optimization/minimize_l1.rs", "Rust", 0, 156, 183, 64, 403
"/Users/roek189/Library/CloudStorage/OneDrive-PNNL/Desktop/a/r/c/l/multi/oat/oat_suite/solar/src/utilities/optimization/mod.rs", "Rust", 0, 3, 7, 2, 12
"/Users/roek189/Library/CloudStorage/OneDrive-PNNL/Desktop/a/r/c/l/multi/oat/oat_suite/solar/src/utilities/optimization/objective_bounding.rs", "Rust", 0, 0, 0, 1, 1
"/Users/roek189/Library/CloudStorage/OneDrive-PNNL/Desktop/a/r/c/l/multi/oat/oat_suite/solar/src/utilities/optimization/objective_cycle.rs", "Rust", 0, 290, 117, 78, 485
"/Users/roek189/Library/CloudStorage/OneDrive-PNNL/Desktop/a/r/c/l/multi/oat/oat_suite/solar/src/utilities/optimization/objective_cycle_breaking.rs", "Rust", 0, 266, 168, 83, 517
"/Users/roek189/Library/CloudStorage/OneDrive-PNNL/Desktop/a/r/c/l/multi/oat/oat_suite/solar/src/utilities/order.rs", "Rust", 0, 299, 212, 144, 655
"/Users/roek189/Library/CloudStorage/OneDrive-PNNL/Desktop/a/r/c/l/multi/oat/oat_suite/solar/src/utilities/random.rs", "Rust", 0, 51, 11, 17, 79
"/Users/roek189/Library/CloudStorage/OneDrive-PNNL/Desktop/a/r/c/l/multi/oat/oat_suite/solar/src/utilities/sequences_and_ordinals.rs", "Rust", 0, 259, 246, 123, 628
"/Users/roek189/Library/CloudStorage/OneDrive-PNNL/Desktop/a/r/c/l/multi/oat/oat_suite/solar/src/utilities/sets.rs", "Rust", 0, 52, 44, 25, 121
"/Users/roek189/Library/CloudStorage/OneDrive-PNNL/Desktop/a/r/c/l/multi/oat/oat_suite/solar/src/utilities/statistics.rs", "Rust", 0, 13, 6, 4, 23
"/Users/roek189/Library/CloudStorage/OneDrive-PNNL/Desktop/a/r/c/l/multi/oat/oat_suite/solar/user/README.md", "Markdown", 1, 0, 0, 2, 3
"/Users/roek189/Library/CloudStorage/OneDrive-PNNL/Desktop/a/r/c/l/multi/oat/oat_suite/solar/user/rust_debugging.md", "Markdown", 8, 0, 0, 6, 14
"Total", "-", 504, 20691, 17399, 8461, 47055