"filename", "language", "Markdown", "Rust", "comment", "blank", "total"
"/Users/roek189/Library/CloudStorage/OneDrive-PNNL/Desktop/a/r/c/l/multi/oat/oat_suite/solar/ATTRIBUTIONS.md", "Markdown", 19, 0, 0, 6, 25
"/Users/roek189/Library/CloudStorage/OneDrive-PNNL/Desktop/a/r/c/l/multi/oat/oat_suite/solar/CODE_OF_CONDUCT.md", "Markdown", 25, 0, 0, 10, 35
"/Users/roek189/Library/CloudStorage/OneDrive-PNNL/Desktop/a/r/c/l/multi/oat/oat_suite/solar/CONTRIBUTING.md", "Markdown", -17, 0, 0, -6, -23
"/Users/roek189/Library/CloudStorage/OneDrive-PNNL/Desktop/a/r/c/l/multi/oat/oat_suite/solar/developer/README.md", "Markdown", 1, 0, 0, 0, 1
"/Users/roek189/Library/CloudStorage/OneDrive-PNNL/Desktop/a/r/c/l/multi/oat/oat_suite/solar/developer/design/matrix.md", "Markdown", 97, 0, 0, 25, 122
"/Users/roek189/Library/CloudStorage/OneDrive-PNNL/Desktop/a/r/c/l/multi/oat/oat_suite/solar/developer/guidelines.md", "Markdown", 39, 0, 0, 14, 53
"/Users/roek189/Library/CloudStorage/OneDrive-PNNL/Desktop/a/r/c/l/multi/oat/oat_suite/solar/developer/guidelines.rs", "Rust", 0, 0, 53, 1, 54
"/Users/roek189/Library/CloudStorage/OneDrive-PNNL/Desktop/a/r/c/l/multi/oat/oat_suite/solar/developer/job_list.md", "Markdown", 167, 0, 0, 15, 182
"/Users/roek189/Library/CloudStorage/OneDrive-PNNL/Desktop/a/r/c/l/multi/oat/oat_suite/solar/developer/job_list.rs", "Rust", 0, 0, 134, 0, 134
"/Users/roek189/Library/CloudStorage/OneDrive-PNNL/Desktop/a/r/c/l/multi/oat/oat_suite/solar/developer/mod.rs", "Rust", 0, 4, 1, 1, 6
"/Users/roek189/Library/CloudStorage/OneDrive-PNNL/Desktop/a/r/c/l/multi/oat/oat_suite/solar/developer/open_questions.md", "Markdown", 91, 0, 0, 29, 120
"/Users/roek189/Library/CloudStorage/OneDrive-PNNL/Desktop/a/r/c/l/multi/oat/oat_suite/solar/src/algebra/chains/factored.rs", "Rust", 0, 382, 184, 81, 647
"/Users/roek189/Library/CloudStorage/OneDrive-PNNL/Desktop/a/r/c/l/multi/oat/oat_suite/solar/src/algebra/chains/jordan.rs", "Rust", 0, 230, 61, 43, 334
"/Users/roek189/Library/CloudStorage/OneDrive-PNNL/Desktop/a/r/c/l/multi/oat/oat_suite/solar/src/algebra/chains/mod.rs", "Rust", 0, 2, 1, 1, 4
"/Users/roek189/Library/CloudStorage/OneDrive-PNNL/Desktop/a/r/c/l/multi/oat/oat_suite/solar/src/algebra/matrices/debug.rs", "Rust", 0, 218, 28, 31, 277
"/Users/roek189/Library/CloudStorage/OneDrive-PNNL/Desktop/a/r/c/l/multi/oat/oat_suite/solar/src/algebra/matrices/developer_notes.rs", "Rust", 0, 0, 52, 1, 53
"/Users/roek189/Library/CloudStorage/OneDrive-PNNL/Desktop/a/r/c/l/multi/oat/oat_suite/solar/src/algebra/matrices/display.rs", "Rust", 0, 46, 30, 22, 98
"/Users/roek189/Library/CloudStorage/OneDrive-PNNL/Desktop/a/r/c/l/multi/oat/oat_suite/solar/src/algebra/matrices/help/creating_new_matrix_types.rs", "Rust", 0, 0, 374, 0, 374
"/Users/roek189/Library/CloudStorage/OneDrive-PNNL/Desktop/a/r/c/l/multi/oat/oat_suite/solar/src/algebra/matrices/help/mod.rs", "Rust", 0, 3, 1, 2, 6
"/Users/roek189/Library/CloudStorage/OneDrive-PNNL/Desktop/a/r/c/l/multi/oat/oat_suite/solar/src/algebra/matrices/help/trouble_shooting.rs", "Rust", 0, 0, 14, 1, 15
"/Users/roek189/Library/CloudStorage/OneDrive-PNNL/Desktop/a/r/c/l/multi/oat/oat_suite/solar/src/algebra/matrices/help/working_with_matrices.rs", "Rust", 0, 0, 8, 1, 9
"/Users/roek189/Library/CloudStorage/OneDrive-PNNL/Desktop/a/r/c/l/multi/oat/oat_suite/solar/src/algebra/matrices/mod.rs", "Rust", 0, 55, 244, 40, 339
"/Users/roek189/Library/CloudStorage/OneDrive-PNNL/Desktop/a/r/c/l/multi/oat/oat_suite/solar/src/algebra/matrices/operations/invert.rs", "Rust", 0, 366, 240, 142, 748
"/Users/roek189/Library/CloudStorage/OneDrive-PNNL/Desktop/a/r/c/l/multi/oat/oat_suite/solar/src/algebra/matrices/operations/mod.rs", "Rust", 0, 8, 11, 1, 20
"/Users/roek189/Library/CloudStorage/OneDrive-PNNL/Desktop/a/r/c/l/multi/oat/oat_suite/solar/src/algebra/matrices/operations/multiply.rs", "Rust", 0, 525, 351, 174, 1050
"/Users/roek189/Library/CloudStorage/OneDrive-PNNL/Desktop/a/r/c/l/multi/oat/oat_suite/solar/src/algebra/matrices/operations/solve/echelon.rs", "Rust", 0, 908, 400, 331, 1639
"/Users/roek189/Library/CloudStorage/OneDrive-PNNL/Desktop/a/r/c/l/multi/oat/oat_suite/solar/src/algebra/matrices/operations/solve/mod.rs", "Rust", 0, 2, 9, 2, 13
"/Users/roek189/Library/CloudStorage/OneDrive-PNNL/Desktop/a/r/c/l/multi/oat/oat_suite/solar/src/algebra/matrices/operations/solve/triangle.rs", "Rust", 0, 367, 176, 142, 685
"/Users/roek189/Library/CloudStorage/OneDrive-PNNL/Desktop/a/r/c/l/multi/oat/oat_suite/solar/src/algebra/matrices/operations/transform_entry_wise.rs", "Rust", 0, 184, 73, 85, 342
"/Users/roek189/Library/CloudStorage/OneDrive-PNNL/Desktop/a/r/c/l/multi/oat/oat_suite/solar/src/algebra/matrices/operations/transform_vector_wise.rs", "Rust", 0, 439, 122, 178, 739
"/Users/roek189/Library/CloudStorage/OneDrive-PNNL/Desktop/a/r/c/l/multi/oat/oat_suite/solar/src/algebra/matrices/operations/transpose.rs", "Rust", 0, 0, 1, 0, 1
"/Users/roek189/Library/CloudStorage/OneDrive-PNNL/Desktop/a/r/c/l/multi/oat/oat_suite/solar/src/algebra/matrices/operations/umatch/developer.rs", "Rust", 0, 0, 88, 0, 88
"/Users/roek189/Library/CloudStorage/OneDrive-PNNL/Desktop/a/r/c/l/multi/oat/oat_suite/solar/src/algebra/matrices/operations/umatch/diagnostics.rs", "Rust", 0, 215, 42, 52, 309
"/Users/roek189/Library/CloudStorage/OneDrive-PNNL/Desktop/a/r/c/l/multi/oat/oat_suite/solar/src/algebra/matrices/operations/umatch/mod.rs", "Rust", 0, 2, 33, 3, 38
"/Users/roek189/Library/CloudStorage/OneDrive-PNNL/Desktop/a/r/c/l/multi/oat/oat_suite/solar/src/algebra/matrices/operations/umatch/row_major.rs", "Rust", 0, 3334, 1342, 1075, 5751
"/Users/roek189/Library/CloudStorage/OneDrive-PNNL/Desktop/a/r/c/l/multi/oat/oat_suite/solar/src/algebra/matrices/operations/vec_of_vec_reduction.rs", "Rust", 0, 185, 123, 58, 366
"/Users/roek189/Library/CloudStorage/OneDrive-PNNL/Desktop/a/r/c/l/multi/oat/oat_suite/solar/src/algebra/matrices/query.rs", "Rust", 0, 503, 511, 264, 1278
"/Users/roek189/Library/CloudStorage/OneDrive-PNNL/Desktop/a/r/c/l/multi/oat/oat_suite/solar/src/algebra/matrices/random_constructors.rs", "Rust", 0, 110, 36, 30, 176
"/Users/roek189/Library/CloudStorage/OneDrive-PNNL/Desktop/a/r/c/l/multi/oat/oat_suite/solar/src/algebra/matrices/test.rs", "Rust", 0, 25, 1, 21, 47
"/Users/roek189/Library/CloudStorage/OneDrive-PNNL/Desktop/a/r/c/l/multi/oat/oat_suite/solar/src/algebra/matrices/types/compressed_sparse.rs", "Rust", 0, 0, 9, 3, 12
"/Users/roek189/Library/CloudStorage/OneDrive-PNNL/Desktop/a/r/c/l/multi/oat/oat_suite/solar/src/algebra/matrices/types/csm.rs", "Rust", 0, 0, 7, 0, 7
"/Users/roek189/Library/CloudStorage/OneDrive-PNNL/Desktop/a/r/c/l/multi/oat/oat_suite/solar/src/algebra/matrices/types/dense.rs", "Rust", 0, 5, 0, 4, 9
"/Users/roek189/Library/CloudStorage/OneDrive-PNNL/Desktop/a/r/c/l/multi/oat/oat_suite/solar/src/algebra/matrices/types/hash_of_vec.rs", "Rust", 0, 34, 24, 28, 86
"/Users/roek189/Library/CloudStorage/OneDrive-PNNL/Desktop/a/r/c/l/multi/oat/oat_suite/solar/src/algebra/matrices/types/matching.rs", "Rust", 0, 505, 266, 194, 965
"/Users/roek189/Library/CloudStorage/OneDrive-PNNL/Desktop/a/r/c/l/multi/oat/oat_suite/solar/src/algebra/matrices/types/mod.rs", "Rust", 0, 8, 3, 2, 13
"/Users/roek189/Library/CloudStorage/OneDrive-PNNL/Desktop/a/r/c/l/multi/oat/oat_suite/solar/src/algebra/matrices/types/packet.rs", "Rust", 0, 41, 17, 15, 73
"/Users/roek189/Library/CloudStorage/OneDrive-PNNL/Desktop/a/r/c/l/multi/oat/oat_suite/solar/src/algebra/matrices/types/prepend_viewmaj.rs", "Rust", 0, 102, 51, 56, 209
"/Users/roek189/Library/CloudStorage/OneDrive-PNNL/Desktop/a/r/c/l/multi/oat/oat_suite/solar/src/algebra/matrices/types/scalar.rs", "Rust", 0, 126, 250, 89, 465
"/Users/roek189/Library/CloudStorage/OneDrive-PNNL/Desktop/a/r/c/l/multi/oat/oat_suite/solar/src/algebra/matrices/types/scalar_matrices.rs", "Rust", 0, 128, 250, 89, 467
"/Users/roek189/Library/CloudStorage/OneDrive-PNNL/Desktop/a/r/c/l/multi/oat/oat_suite/solar/src/algebra/matrices/types/third_party.rs", "Rust", 0, 231, 146, 107, 484
"/Users/roek189/Library/CloudStorage/OneDrive-PNNL/Desktop/a/r/c/l/multi/oat/oat_suite/solar/src/algebra/matrices/types/transpose.rs", "Rust", 0, 123, 85, 126, 334
"/Users/roek189/Library/CloudStorage/OneDrive-PNNL/Desktop/a/r/c/l/multi/oat/oat_suite/solar/src/algebra/matrices/types/vec_of_csvec.rs", "Rust", 0, 27, 1, 9, 37
"/Users/roek189/Library/CloudStorage/OneDrive-PNNL/Desktop/a/r/c/l/multi/oat/oat_suite/solar/src/algebra/matrices/types/vec_of_vec.rs", "Rust", 0, 737, 507, 320, 1564
"/Users/roek189/Library/CloudStorage/OneDrive-PNNL/Desktop/a/r/c/l/multi/oat/oat_suite/solar/src/algebra/mod.rs", "Rust", 0, 4, 3, 2, 9
"/Users/roek189/Library/CloudStorage/OneDrive-PNNL/Desktop/a/r/c/l/multi/oat/oat_suite/solar/src/algebra/rings/mod.rs", "Rust", 0, 2, 80, 2, 84
"/Users/roek189/Library/CloudStorage/OneDrive-PNNL/Desktop/a/r/c/l/multi/oat/oat_suite/solar/src/algebra/rings/operator_structs/field_prime_order.rs", "Rust", 0, 135, 177, 70, 382
"/Users/roek189/Library/CloudStorage/OneDrive-PNNL/Desktop/a/r/c/l/multi/oat/oat_suite/solar/src/algebra/rings/operator_structs/mod.rs", "Rust", 0, 2, 1, 1, 4
"/Users/roek189/Library/CloudStorage/OneDrive-PNNL/Desktop/a/r/c/l/multi/oat/oat_suite/solar/src/algebra/rings/operator_structs/ring_native.rs", "Rust", 0, 229, 180, 51, 460
"/Users/roek189/Library/CloudStorage/OneDrive-PNNL/Desktop/a/r/c/l/multi/oat/oat_suite/solar/src/algebra/rings/operator_traits.rs", "Rust", 0, 55, 51, 49, 155
"/Users/roek189/Library/CloudStorage/OneDrive-PNNL/Desktop/a/r/c/l/multi/oat/oat_suite/solar/src/algebra/vectors/entries.rs", "Rust", 0, 167, 137, 114, 418
"/Users/roek189/Library/CloudStorage/OneDrive-PNNL/Desktop/a/r/c/l/multi/oat/oat_suite/solar/src/algebra/vectors/implementors/csv.rs", "Rust", 0, 11, 1, 8, 20
"/Users/roek189/Library/CloudStorage/OneDrive-PNNL/Desktop/a/r/c/l/multi/oat/oat_suite/solar/src/algebra/vectors/implementors/mod.rs", "Rust", 0, 1, 0, 0, 1
"/Users/roek189/Library/CloudStorage/OneDrive-PNNL/Desktop/a/r/c/l/multi/oat/oat_suite/solar/src/algebra/vectors/linear_combinations.rs", "Rust", 0, 164, 43, 38, 245
"/Users/roek189/Library/CloudStorage/OneDrive-PNNL/Desktop/a/r/c/l/multi/oat/oat_suite/solar/src/algebra/vectors/mod.rs", "Rust", 0, 3, 43, 5, 51
"/Users/roek189/Library/CloudStorage/OneDrive-PNNL/Desktop/a/r/c/l/multi/oat/oat_suite/solar/src/algebra/vectors/operations.rs", "Rust", 0, 968, 1146, 302, 2416
"/Users/roek189/Library/CloudStorage/OneDrive-PNNL/Desktop/a/r/c/l/multi/oat/oat_suite/solar/src/chains/factored.rs", "Rust", 0, -331, -138, -68, -537
"/Users/roek189/Library/CloudStorage/OneDrive-PNNL/Desktop/a/r/c/l/multi/oat/oat_suite/solar/src/chains/jordan.rs", "Rust", 0, -226, -60, -43, -329
"/Users/roek189/Library/CloudStorage/OneDrive-PNNL/Desktop/a/r/c/l/multi/oat/oat_suite/solar/src/chains/mod.rs", "Rust", 0, -2, -1, -1, -4
"/Users/roek189/Library/CloudStorage/OneDrive-PNNL/Desktop/a/r/c/l/multi/oat/oat_suite/solar/src/developer/guidelines.rs", "Rust", 0, 0, -53, -1, -54
"/Users/roek189/Library/CloudStorage/OneDrive-PNNL/Desktop/a/r/c/l/multi/oat/oat_suite/solar/src/developer/job_list.rs", "Rust", 0, 0, -130, 0, -130
"/Users/roek189/Library/CloudStorage/OneDrive-PNNL/Desktop/a/r/c/l/multi/oat/oat_suite/solar/src/developer/mod.rs", "Rust", 0, -4, -1, -1, -6
"/Users/roek189/Library/CloudStorage/OneDrive-PNNL/Desktop/a/r/c/l/multi/oat/oat_suite/solar/src/developer/open_questions.rs", "Rust", 0, 0, -50, -1, -51
"/Users/roek189/Library/CloudStorage/OneDrive-PNNL/Desktop/a/r/c/l/multi/oat/oat_suite/solar/src/developer/rust_debugging.rs", "Rust", 0, 0, -14, 0, -14
"/Users/roek189/Library/CloudStorage/OneDrive-PNNL/Desktop/a/r/c/l/multi/oat/oat_suite/solar/src/lib.rs", "Rust", 0, -3, 20, 1, 18
"/Users/roek189/Library/CloudStorage/OneDrive-PNNL/Desktop/a/r/c/l/multi/oat/oat_suite/solar/src/matrices/debug.rs", "Rust", 0, -218, -28, -31, -277
"/Users/roek189/Library/CloudStorage/OneDrive-PNNL/Desktop/a/r/c/l/multi/oat/oat_suite/solar/src/matrices/developer.rs", "Rust", 0, 0, -52, -1, -53
"/Users/roek189/Library/CloudStorage/OneDrive-PNNL/Desktop/a/r/c/l/multi/oat/oat_suite/solar/src/matrices/developer_notes.rs", "Rust", 0, 0, -52, -1, -53
"/Users/roek189/Library/CloudStorage/OneDrive-PNNL/Desktop/a/r/c/l/multi/oat/oat_suite/solar/src/matrices/display.rs", "Rust", 0, -48, -29, -21, -98
"/Users/roek189/Library/CloudStorage/OneDrive-PNNL/Desktop/a/r/c/l/multi/oat/oat_suite/solar/src/matrices/help/common_challenges.rs", "Rust", 0, 0, -16, 0, -16
"/Users/roek189/Library/CloudStorage/OneDrive-PNNL/Desktop/a/r/c/l/multi/oat/oat_suite/solar/src/matrices/help/creating_new_matrix_types.rs", "Rust", 0, 0, -374, 0, -374
"/Users/roek189/Library/CloudStorage/OneDrive-PNNL/Desktop/a/r/c/l/multi/oat/oat_suite/solar/src/matrices/help/mod.rs", "Rust", 0, -4, -1, -2, -7
"/Users/roek189/Library/CloudStorage/OneDrive-PNNL/Desktop/a/r/c/l/multi/oat/oat_suite/solar/src/matrices/help/trouble_shooting.rs", "Rust", 0, 0, -14, -1, -15
"/Users/roek189/Library/CloudStorage/OneDrive-PNNL/Desktop/a/r/c/l/multi/oat/oat_suite/solar/src/matrices/help/working_with_matrices.rs", "Rust", 0, 0, -8, -1, -9
"/Users/roek189/Library/CloudStorage/OneDrive-PNNL/Desktop/a/r/c/l/multi/oat/oat_suite/solar/src/matrices/mod.rs", "Rust", 0, -8, -69, -2, -79
"/Users/roek189/Library/CloudStorage/OneDrive-PNNL/Desktop/a/r/c/l/multi/oat/oat_suite/solar/src/matrices/operations/invert.rs", "Rust", 0, -363, -240, -140, -743
"/Users/roek189/Library/CloudStorage/OneDrive-PNNL/Desktop/a/r/c/l/multi/oat/oat_suite/solar/src/matrices/operations/mod.rs", "Rust", 0, -8, -2, -1, -11
"/Users/roek189/Library/CloudStorage/OneDrive-PNNL/Desktop/a/r/c/l/multi/oat/oat_suite/solar/src/matrices/operations/multiply.rs", "Rust", 0, -524, -346, -172, -1042
"/Users/roek189/Library/CloudStorage/OneDrive-PNNL/Desktop/a/r/c/l/multi/oat/oat_suite/solar/src/matrices/operations/solve/echelon.rs", "Rust", 0, -915, -395, -328, -1638
"/Users/roek189/Library/CloudStorage/OneDrive-PNNL/Desktop/a/r/c/l/multi/oat/oat_suite/solar/src/matrices/operations/solve/mod.rs", "Rust", 0, -2, -3, -2, -7
"/Users/roek189/Library/CloudStorage/OneDrive-PNNL/Desktop/a/r/c/l/multi/oat/oat_suite/solar/src/matrices/operations/solve/triangle.rs", "Rust", 0, -261, -102, -103, -466
"/Users/roek189/Library/CloudStorage/OneDrive-PNNL/Desktop/a/r/c/l/multi/oat/oat_suite/solar/src/matrices/operations/transform_entry_wise.rs", "Rust", 0, -171, -73, -85, -329
"/Users/roek189/Library/CloudStorage/OneDrive-PNNL/Desktop/a/r/c/l/multi/oat/oat_suite/solar/src/matrices/operations/transform_vector_wise.rs", "Rust", 0, -404, -119, -176, -699
"/Users/roek189/Library/CloudStorage/OneDrive-PNNL/Desktop/a/r/c/l/multi/oat/oat_suite/solar/src/matrices/operations/transpose.rs", "Rust", 0, 0, -1, 0, -1
"/Users/roek189/Library/CloudStorage/OneDrive-PNNL/Desktop/a/r/c/l/multi/oat/oat_suite/solar/src/matrices/operations/umatch/developer.rs", "Rust", 0, 0, -88, 0, -88
"/Users/roek189/Library/CloudStorage/OneDrive-PNNL/Desktop/a/r/c/l/multi/oat/oat_suite/solar/src/matrices/operations/umatch/diagnostics.rs", "Rust", 0, -215, -42, -52, -309
"/Users/roek189/Library/CloudStorage/OneDrive-PNNL/Desktop/a/r/c/l/multi/oat/oat_suite/solar/src/matrices/operations/umatch/mod.rs", "Rust", 0, -2, -33, -3, -38
"/Users/roek189/Library/CloudStorage/OneDrive-PNNL/Desktop/a/r/c/l/multi/oat/oat_suite/solar/src/matrices/operations/umatch/row_major.rs", "Rust", 0, -2965, -1227, -997, -5189
"/Users/roek189/Library/CloudStorage/OneDrive-PNNL/Desktop/a/r/c/l/multi/oat/oat_suite/solar/src/matrices/operations/umatch/row_major_only.rs", "Rust", 0, -1606, -863, -611, -3080
"/Users/roek189/Library/CloudStorage/OneDrive-PNNL/Desktop/a/r/c/l/multi/oat/oat_suite/solar/src/matrices/operations/vec_of_vec_reduction.rs", "Rust", 0, -185, -123, -58, -366
"/Users/roek189/Library/CloudStorage/OneDrive-PNNL/Desktop/a/r/c/l/multi/oat/oat_suite/solar/src/matrices/query.rs", "Rust", 0, -470, -417, -271, -1158
"/Users/roek189/Library/CloudStorage/OneDrive-PNNL/Desktop/a/r/c/l/multi/oat/oat_suite/solar/src/matrices/random_constructors.rs", "Rust", 0, -110, -36, -30, -176
"/Users/roek189/Library/CloudStorage/OneDrive-PNNL/Desktop/a/r/c/l/multi/oat/oat_suite/solar/src/matrices/types/ESSENTIAL_TO_DO.md", "Markdown", -3, 0, 0, -3, -6
"/Users/roek189/Library/CloudStorage/OneDrive-PNNL/Desktop/a/r/c/l/multi/oat/oat_suite/solar/src/matrices/types/compressed_sparse.rs", "Rust", 0, 0, -9, -3, -12
"/Users/roek189/Library/CloudStorage/OneDrive-PNNL/Desktop/a/r/c/l/multi/oat/oat_suite/solar/src/matrices/types/csm.rs", "Rust", 0, 0, -7, 0, -7
"/Users/roek189/Library/CloudStorage/OneDrive-PNNL/Desktop/a/r/c/l/multi/oat/oat_suite/solar/src/matrices/types/dense.rs", "Rust", 0, 0, 0, -1, -1
"/Users/roek189/Library/CloudStorage/OneDrive-PNNL/Desktop/a/r/c/l/multi/oat/oat_suite/solar/src/matrices/types/hash_of_vec.rs", "Rust", 0, -30, -24, -27, -81
"/Users/roek189/Library/CloudStorage/OneDrive-PNNL/Desktop/a/r/c/l/multi/oat/oat_suite/solar/src/matrices/types/matching.rs", "Rust", 0, -418, -267, -177, -862
"/Users/roek189/Library/CloudStorage/OneDrive-PNNL/Desktop/a/r/c/l/multi/oat/oat_suite/solar/src/matrices/types/mod.rs", "Rust", 0, -8, -1, -2, -11
"/Users/roek189/Library/CloudStorage/OneDrive-PNNL/Desktop/a/r/c/l/multi/oat/oat_suite/solar/src/matrices/types/oracle_deref.rs", "Rust", 0, -100, -229, -186, -515
"/Users/roek189/Library/CloudStorage/OneDrive-PNNL/Desktop/a/r/c/l/multi/oat/oat_suite/solar/src/matrices/types/oracle_ref.rs", "Rust", 0, -87, -15, -50, -152
"/Users/roek189/Library/CloudStorage/OneDrive-PNNL/Desktop/a/r/c/l/multi/oat/oat_suite/solar/src/matrices/types/prepend_viewmaj.rs", "Rust", 0, -99, -51, -56, -206
"/Users/roek189/Library/CloudStorage/OneDrive-PNNL/Desktop/a/r/c/l/multi/oat/oat_suite/solar/src/matrices/types/scalar_matrices.rs", "Rust", 0, -128, -250, -89, -467
"/Users/roek189/Library/CloudStorage/OneDrive-PNNL/Desktop/a/r/c/l/multi/oat/oat_suite/solar/src/matrices/types/transpose.rs", "Rust", 0, -121, -85, -124, -330
"/Users/roek189/Library/CloudStorage/OneDrive-PNNL/Desktop/a/r/c/l/multi/oat/oat_suite/solar/src/matrices/types/vec_of_csvec.rs", "Rust", 0, -27, -1, -9, -37
"/Users/roek189/Library/CloudStorage/OneDrive-PNNL/Desktop/a/r/c/l/multi/oat/oat_suite/solar/src/matrices/types/vec_of_vec.rs", "Rust", 0, -610, -477, -291, -1378
"/Users/roek189/Library/CloudStorage/OneDrive-PNNL/Desktop/a/r/c/l/multi/oat/oat_suite/solar/src/rings/mod.rs", "Rust", 0, -2, -80, -2, -84
"/Users/roek189/Library/CloudStorage/OneDrive-PNNL/Desktop/a/r/c/l/multi/oat/oat_suite/solar/src/rings/operator_structs/field_prime_order.rs", "Rust", 0, -135, -177, -70, -382
"/Users/roek189/Library/CloudStorage/OneDrive-PNNL/Desktop/a/r/c/l/multi/oat/oat_suite/solar/src/rings/operator_structs/mod.rs", "Rust", 0, -2, -1, -1, -4
"/Users/roek189/Library/CloudStorage/OneDrive-PNNL/Desktop/a/r/c/l/multi/oat/oat_suite/solar/src/rings/operator_structs/ring_native.rs", "Rust", 0, -228, -139, -41, -408
"/Users/roek189/Library/CloudStorage/OneDrive-PNNL/Desktop/a/r/c/l/multi/oat/oat_suite/solar/src/rings/operator_traits.rs", "Rust", 0, -55, -51, -49, -155
"/Users/roek189/Library/CloudStorage/OneDrive-PNNL/Desktop/a/r/c/l/multi/oat/oat_suite/solar/src/topology/barcode.rs", "Rust", 0, 241, 146, 78, 465
"/Users/roek189/Library/CloudStorage/OneDrive-PNNL/Desktop/a/r/c/l/multi/oat/oat_suite/solar/src/topology/bin/profiling.rs", "Rust", 0, 0, 31, 12, 43
"/Users/roek189/Library/CloudStorage/OneDrive-PNNL/Desktop/a/r/c/l/multi/oat/oat_suite/solar/src/topology/bin/profiling_clique.rs", "Rust", 0, 76, 32, 33, 141
"/Users/roek189/Library/CloudStorage/OneDrive-PNNL/Desktop/a/r/c/l/multi/oat/oat_suite/solar/src/topology/mod.rs", "Rust", 0, 3, 2, 2, 7
"/Users/roek189/Library/CloudStorage/OneDrive-PNNL/Desktop/a/r/c/l/multi/oat/oat_suite/solar/src/topology/point_cloud.rs", "Rust", 0, 17, 2, 6, 25
"/Users/roek189/Library/CloudStorage/OneDrive-PNNL/Desktop/a/r/c/l/multi/oat/oat_suite/solar/src/topology/simplicial/boundary.rs", "Rust", 0, 153, 174, 97, 424
"/Users/roek189/Library/CloudStorage/OneDrive-PNNL/Desktop/a/r/c/l/multi/oat/oat_suite/solar/src/topology/simplicial/from/enumeration.rs", "Rust", 0, 63, 62, 50, 175
"/Users/roek189/Library/CloudStorage/OneDrive-PNNL/Desktop/a/r/c/l/multi/oat/oat_suite/solar/src/topology/simplicial/from/graph.rs", "Rust", 0, 315, 121, 150, 586
"/Users/roek189/Library/CloudStorage/OneDrive-PNNL/Desktop/a/r/c/l/multi/oat/oat_suite/solar/src/topology/simplicial/from/graph_weighted.rs", "Rust", 0, 762, 626, 310, 1698
"/Users/roek189/Library/CloudStorage/OneDrive-PNNL/Desktop/a/r/c/l/multi/oat/oat_suite/solar/src/topology/simplicial/from/graph_weighted_ref.rs", "Rust", 0, 726, 618, 300, 1644
"/Users/roek189/Library/CloudStorage/OneDrive-PNNL/Desktop/a/r/c/l/multi/oat/oat_suite/solar/src/topology/simplicial/from/mod.rs", "Rust", 0, 4, 3, 1, 8
"/Users/roek189/Library/CloudStorage/OneDrive-PNNL/Desktop/a/r/c/l/multi/oat/oat_suite/solar/src/topology/simplicial/from/poset.rs", "Rust", 0, 0, 221, 62, 283
"/Users/roek189/Library/CloudStorage/OneDrive-PNNL/Desktop/a/r/c/l/multi/oat/oat_suite/solar/src/topology/simplicial/from/relation.rs", "Rust", 0, 527, 513, 297, 1337
"/Users/roek189/Library/CloudStorage/OneDrive-PNNL/Desktop/a/r/c/l/multi/oat/oat_suite/solar/src/topology/simplicial/from/relation_weighted/relation_weighted.rs", "Rust", 0, 0, 30, 0, 30
"/Users/roek189/Library/CloudStorage/OneDrive-PNNL/Desktop/a/r/c/l/multi/oat/oat_suite/solar/src/topology/simplicial/misc/mod.rs", "Rust", 0, 1, 1, 1, 3
"/Users/roek189/Library/CloudStorage/OneDrive-PNNL/Desktop/a/r/c/l/multi/oat/oat_suite/solar/src/topology/simplicial/misc/permutation.rs", "Rust", 0, 56, 51, 31, 138
"/Users/roek189/Library/CloudStorage/OneDrive-PNNL/Desktop/a/r/c/l/multi/oat/oat_suite/solar/src/topology/simplicial/mod.rs", "Rust", 0, 4, 7, 1, 12
"/Users/roek189/Library/CloudStorage/OneDrive-PNNL/Desktop/a/r/c/l/multi/oat/oat_suite/solar/src/topology/simplicial/simplices/filtered.rs", "Rust", 0, 68, 29, 43, 140
"/Users/roek189/Library/CloudStorage/OneDrive-PNNL/Desktop/a/r/c/l/multi/oat/oat_suite/solar/src/topology/simplicial/simplices/mod.rs", "Rust", 0, 3, 1, 2, 6
"/Users/roek189/Library/CloudStorage/OneDrive-PNNL/Desktop/a/r/c/l/multi/oat/oat_suite/solar/src/topology/simplicial/simplices/unfiltered.rs", "Rust", 0, 96, 50, 42, 188
"/Users/roek189/Library/CloudStorage/OneDrive-PNNL/Desktop/a/r/c/l/multi/oat/oat_suite/solar/src/topology/simplicial/simplices/vector.rs", "Rust", 0, 308, 179, 91, 578
"/Users/roek189/Library/CloudStorage/OneDrive-PNNL/Desktop/a/r/c/l/multi/oat/oat_suite/solar/src/topology/zigzag/mod.rs", "Rust", 0, 1, 0, 0, 1
"/Users/roek189/Library/CloudStorage/OneDrive-PNNL/Desktop/a/r/c/l/multi/oat/oat_suite/solar/src/topology/zigzag/zigzag.rs", "Rust", 0, 30, 8, 9, 47
"/Users/roek189/Library/CloudStorage/OneDrive-PNNL/Desktop/a/r/c/l/multi/oat/oat_suite/solar/src/tutorials/homology.rs", "Rust", 0, 0, 339, 46, 385
"/Users/roek189/Library/CloudStorage/OneDrive-PNNL/Desktop/a/r/c/l/multi/oat/oat_suite/solar/src/tutorials/mod.rs", "Rust", 0, -2, 0, 0, -2
"/Users/roek189/Library/CloudStorage/OneDrive-PNNL/Desktop/a/r/c/l/multi/oat/oat_suite/solar/src/tutorials/persistent_homology.rs", "Rust", 0, 0, 345, 56, 401
"/Users/roek189/Library/CloudStorage/OneDrive-PNNL/Desktop/a/r/c/l/multi/oat/oat_suite/solar/src/tutorials/rust/clones_and_copies.rs", "Rust", 0, 0, 52, 1, 53
"/Users/roek189/Library/CloudStorage/OneDrive-PNNL/Desktop/a/r/c/l/multi/oat/oat_suite/solar/src/tutorials/rust/mod.rs", "Rust", 0, 4, 1, 1, 6
"/Users/roek189/Library/CloudStorage/OneDrive-PNNL/Desktop/a/r/c/l/multi/oat/oat_suite/solar/src/tutorials/rust/references.rs", "Rust", 0, 0, 41, 2, 43
"/Users/roek189/Library/CloudStorage/OneDrive-PNNL/Desktop/a/r/c/l/multi/oat/oat_suite/solar/src/tutorials/rust/rust_workflow.rs", "Rust", 0, 0, 46, 7, 53
"/Users/roek189/Library/CloudStorage/OneDrive-PNNL/Desktop/a/r/c/l/multi/oat/oat_suite/solar/src/tutorials/rust/traits.rs", "Rust", 0, 0, 27, 0, 27
"/Users/roek189/Library/CloudStorage/OneDrive-PNNL/Desktop/a/r/c/l/multi/oat/oat_suite/solar/src/tutorials/rust_workflow.rs", "Rust", 0, 0, -46, -7, -53
"/Users/roek189/Library/CloudStorage/OneDrive-PNNL/Desktop/a/r/c/l/multi/oat/oat_suite/solar/src/tutorials/traits.rs", "Rust", 0, 0, -27, 0, -27
"/Users/roek189/Library/CloudStorage/OneDrive-PNNL/Desktop/a/r/c/l/multi/oat/oat_suite/solar/src/tutorials/work_with_clones_and_copies.rs", "Rust", 0, 0, -58, 0, -58
"/Users/roek189/Library/CloudStorage/OneDrive-PNNL/Desktop/a/r/c/l/multi/oat/oat_suite/solar/src/tutorials/work_with_references.rs", "Rust", 0, 0, -37, -2, -39
"/Users/roek189/Library/CloudStorage/OneDrive-PNNL/Desktop/a/r/c/l/multi/oat/oat_suite/solar/src/utilities/binary_search.rs", "Rust", 0, 0, 1, -1, 0
"/Users/roek189/Library/CloudStorage/OneDrive-PNNL/Desktop/a/r/c/l/multi/oat/oat_suite/solar/src/utilities/distances.rs", "Rust", 0, -2, 1, 3, 2
"/Users/roek189/Library/CloudStorage/OneDrive-PNNL/Desktop/a/r/c/l/multi/oat/oat_suite/solar/src/utilities/functions/evaluate.rs", "Rust", 0, 12, 13, 10, 35
"/Users/roek189/Library/CloudStorage/OneDrive-PNNL/Desktop/a/r/c/l/multi/oat/oat_suite/solar/src/utilities/functions/misc_functions.rs", "Rust", 0, -13, -14, -9, -36
"/Users/roek189/Library/CloudStorage/OneDrive-PNNL/Desktop/a/r/c/l/multi/oat/oat_suite/solar/src/utilities/functions/mod.rs", "Rust", 0, -1, 0, 0, -1
"/Users/roek189/Library/CloudStorage/OneDrive-PNNL/Desktop/a/r/c/l/multi/oat/oat_suite/solar/src/utilities/iterators/general.rs", "Rust", 0, 52, 35, 11, 98
"/Users/roek189/Library/CloudStorage/OneDrive-PNNL/Desktop/a/r/c/l/multi/oat/oat_suite/solar/src/utilities/iterators/merge/heap_of_iterators.rs", "Rust", 0, 0, 11, -1, 10
"/Users/roek189/Library/CloudStorage/OneDrive-PNNL/Desktop/a/r/c/l/multi/oat/oat_suite/solar/src/utilities/iterators/merge/hit.rs", "Rust", 0, 284, 301, 110, 695
"/Users/roek189/Library/CloudStorage/OneDrive-PNNL/Desktop/a/r/c/l/multi/oat/oat_suite/solar/src/utilities/iterators/merge/mod.rs", "Rust", 0, 0, 20, 2, 22
"/Users/roek189/Library/CloudStorage/OneDrive-PNNL/Desktop/a/r/c/l/multi/oat/oat_suite/solar/src/utilities/iterators/merge/two_type.rs", "Rust", 0, 75, 27, 32, 134
"/Users/roek189/Library/CloudStorage/OneDrive-PNNL/Desktop/a/r/c/l/multi/oat/oat_suite/solar/src/utilities/mod.rs", "Rust", 0, 1, 0, 1, 2
"/Users/roek189/Library/CloudStorage/OneDrive-PNNL/Desktop/a/r/c/l/multi/oat/oat_suite/solar/src/utilities/optimization/cycle_optimization_custom_pivot.rs", "Rust", 0, 119, 119, 76, 314
"/Users/roek189/Library/CloudStorage/OneDrive-PNNL/Desktop/a/r/c/l/multi/oat/oat_suite/solar/src/utilities/optimization/gurobi/l1_norm.rs", "Rust", 0, 210, 205, 76, 491
"/Users/roek189/Library/CloudStorage/OneDrive-PNNL/Desktop/a/r/c/l/multi/oat/oat_suite/solar/src/utilities/optimization/gurobi/mod.rs", "Rust", 0, 1, 33, 1, 35
"/Users/roek189/Library/CloudStorage/OneDrive-PNNL/Desktop/a/r/c/l/multi/oat/oat_suite/solar/src/utilities/optimization/minimize_l1.rs", "Rust", 0, 156, 183, 64, 403
"/Users/roek189/Library/CloudStorage/OneDrive-PNNL/Desktop/a/r/c/l/multi/oat/oat_suite/solar/src/utilities/optimization/mod.rs", "Rust", 0, 3, 7, 2, 12
"/Users/roek189/Library/CloudStorage/OneDrive-PNNL/Desktop/a/r/c/l/multi/oat/oat_suite/solar/src/utilities/optimization/objective_bounding.rs", "Rust", 0, 0, 0, 1, 1
"/Users/roek189/Library/CloudStorage/OneDrive-PNNL/Desktop/a/r/c/l/multi/oat/oat_suite/solar/src/utilities/optimization/objective_cycle.rs", "Rust", 0, 290, 117, 78, 485
"/Users/roek189/Library/CloudStorage/OneDrive-PNNL/Desktop/a/r/c/l/multi/oat/oat_suite/solar/src/utilities/optimization/objective_cycle_breaking.rs", "Rust", 0, 266, 168, 83, 517
"/Users/roek189/Library/CloudStorage/OneDrive-PNNL/Desktop/a/r/c/l/multi/oat/oat_suite/solar/src/utilities/order.rs", "Rust", 0, 27, 15, 10, 52
"/Users/roek189/Library/CloudStorage/OneDrive-PNNL/Desktop/a/r/c/l/multi/oat/oat_suite/solar/src/utilities/random.rs", "Rust", 0, 0, 1, -1, 0
"/Users/roek189/Library/CloudStorage/OneDrive-PNNL/Desktop/a/r/c/l/multi/oat/oat_suite/solar/src/utilities/sets.rs", "Rust", 0, -1, 0, 1, 0
"/Users/roek189/Library/CloudStorage/OneDrive-PNNL/Desktop/a/r/c/l/multi/oat/oat_suite/solar/src/vectors/entries.rs", "Rust", 0, -167, -137, -114, -418
"/Users/roek189/Library/CloudStorage/OneDrive-PNNL/Desktop/a/r/c/l/multi/oat/oat_suite/solar/src/vectors/implementors/csv.rs", "Rust", 0, -11, -1, -8, -20
"/Users/roek189/Library/CloudStorage/OneDrive-PNNL/Desktop/a/r/c/l/multi/oat/oat_suite/solar/src/vectors/implementors/mod.rs", "Rust", 0, -1, 0, 0, -1
"/Users/roek189/Library/CloudStorage/OneDrive-PNNL/Desktop/a/r/c/l/multi/oat/oat_suite/solar/src/vectors/linear_combinations.rs", "Rust", 0, -164, -43, -38, -245
"/Users/roek189/Library/CloudStorage/OneDrive-PNNL/Desktop/a/r/c/l/multi/oat/oat_suite/solar/src/vectors/mod.rs", "Rust", 0, -3, -43, -5, -51
"/Users/roek189/Library/CloudStorage/OneDrive-PNNL/Desktop/a/r/c/l/multi/oat/oat_suite/solar/src/vectors/operations.rs", "Rust", 0, -585, -648, -235, -1468
"/Users/roek189/Library/CloudStorage/OneDrive-PNNL/Desktop/a/r/c/l/multi/oat/oat_suite/solar/user/README.md", "Markdown", 1, 0, 0, 2, 3
"/Users/roek189/Library/CloudStorage/OneDrive-PNNL/Desktop/a/r/c/l/multi/oat/oat_suite/solar/user/rust_debugging.md", "Markdown", 8, 0, 0, 6, 14
"Total", "-", 428, 4830, 5139, 2055, 12452