{"file:///Users/roek189/Library/CloudStorage/OneDrive-PNNL/Desktop/a/r/c/l/multi/oat/oat_suite/solar/src/matrices/developer.rs":{"language":"Rust","code":0,"comment":52,"blank":1},"file:///Users/roek189/Library/CloudStorage/OneDrive-PNNL/Desktop/a/r/c/l/multi/oat/oat_suite/solar/src/matrices/mod.rs":{"language":"Rust","code":8,"comment":69,"blank":2},"file:///Users/roek189/Library/CloudStorage/OneDrive-PNNL/Desktop/a/r/c/l/multi/oat/oat_suite/solar/src/matrices/debug.rs":{"language":"Rust","code":218,"comment":28,"blank":31},"file:///Users/roek189/Library/CloudStorage/OneDrive-PNNL/Desktop/a/r/c/l/multi/oat/oat_suite/solar/src/matrices/query.rs":{"language":"Rust","code":470,"comment":417,"blank":271},"file:///Users/roek189/Library/CloudStorage/OneDrive-PNNL/Desktop/a/r/c/l/multi/oat/oat_suite/solar/src/matrices/developer_notes.rs":{"language":"Rust","code":0,"comment":52,"blank":1},"file:///Users/roek189/Library/CloudStorage/OneDrive-PNNL/Desktop/a/r/c/l/multi/oat/oat_suite/solar/src/matrices/display.rs":{"language":"Rust","code":48,"comment":29,"blank":21},"file:///Users/roek189/Library/CloudStorage/OneDrive-PNNL/Desktop/a/r/c/l/multi/oat/oat_suite/solar/src/matrices/random_constructors.rs":{"language":"Rust","code":110,"comment":36,"blank":30},"file:///Users/roek189/Library/CloudStorage/OneDrive-PNNL/Desktop/a/r/c/l/multi/oat/oat_suite/solar/src/lib.rs":{"language":"Rust","code":7,"comment":334,"blank":4},"file:///Users/roek189/Library/CloudStorage/OneDrive-PNNL/Desktop/a/r/c/l/multi/oat/oat_suite/solar/src/main.rs":{"language":"Rust","code":3,"comment":7,"blank":5},"file:///Users/roek189/Library/CloudStorage/OneDrive-PNNL/Desktop/a/r/c/l/multi/oat/oat_suite/solar/DISCLAIMER.md":{"language":"Markdown","code":7,"comment":0,"blank":1},"file:///Users/roek189/Library/CloudStorage/OneDrive-PNNL/Desktop/a/r/c/l/multi/oat/oat_suite/solar/CONTRIBUTING.md":{"language":"Markdown","code":41,"comment":0,"blank":21},"file:///Users/roek189/Library/CloudStorage/OneDrive-PNNL/Desktop/a/r/c/l/multi/oat/oat_suite/solar/LICENSE.md":{"language":"Markdown","code":6,"comment":0,"blank":3},"file:///Users/roek189/Library/CloudStorage/OneDrive-PNNL/Desktop/a/r/c/l/multi/oat/oat_suite/solar/README.md":{"language":"Markdown","code":18,"comment":0,"blank":15},"file:///Users/roek189/Library/CloudStorage/OneDrive-PNNL/Desktop/a/r/c/l/multi/oat/oat_suite/solar/src/chains/factored.rs":{"language":"Rust","code":331,"comment":138,"blank":68},"file:///Users/roek189/Library/CloudStorage/OneDrive-PNNL/Desktop/a/r/c/l/multi/oat/oat_suite/solar/src/bin/reusable_file_to_debug.rs":{"language":"Rust","code":3,"comment":0,"blank":4},"file:///Users/roek189/Library/CloudStorage/OneDrive-PNNL/Desktop/a/r/c/l/multi/oat/oat_suite/solar/src/matrices/types/prepend_viewmaj.rs":{"language":"Rust","code":99,"comment":51,"blank":56},"file:///Users/roek189/Library/CloudStorage/OneDrive-PNNL/Desktop/a/r/c/l/multi/oat/oat_suite/solar/src/utilities/random.rs":{"language":"Rust","code":51,"comment":10,"blank":18},"file:///Users/roek189/Library/CloudStorage/OneDrive-PNNL/Desktop/a/r/c/l/multi/oat/oat_suite/solar/src/chains/mod.rs":{"language":"Rust","code":2,"comment":1,"blank":1},"file:///Users/roek189/Library/CloudStorage/OneDrive-PNNL/Desktop/a/r/c/l/multi/oat/oat_suite/solar/src/matrices/types/transpose.rs":{"language":"Rust","code":121,"comment":85,"blank":124},"file:///Users/roek189/Library/CloudStorage/OneDrive-PNNL/Desktop/a/r/c/l/multi/oat/oat_suite/solar/src/matrices/types/matching.rs":{"language":"Rust","code":418,"comment":267,"blank":177},"file:///Users/roek189/Library/CloudStorage/OneDrive-PNNL/Desktop/a/r/c/l/multi/oat/oat_suite/solar/src/matrices/types/scalar_matrices.rs":{"language":"Rust","code":128,"comment":250,"blank":89},"file:///Users/roek189/Library/CloudStorage/OneDrive-PNNL/Desktop/a/r/c/l/multi/oat/oat_suite/solar/src/matrices/types/ESSENTIAL_TO_DO.md":{"language":"Markdown","code":3,"comment":0,"blank":3},"file:///Users/roek189/Library/CloudStorage/OneDrive-PNNL/Desktop/a/r/c/l/multi/oat/oat_suite/solar/src/matrices/types/hash_of_vec.rs":{"language":"Rust","code":30,"comment":24,"blank":27},"file:///Users/roek189/Library/CloudStorage/OneDrive-PNNL/Desktop/a/r/c/l/multi/oat/oat_suite/solar/src/matrices/types/oracle_ref.rs":{"language":"Rust","code":87,"comment":15,"blank":50},"file:///Users/roek189/Library/CloudStorage/OneDrive-PNNL/Desktop/a/r/c/l/multi/oat/oat_suite/solar/src/matrices/types/oracle_deref.rs":{"language":"Rust","code":100,"comment":229,"blank":186},"file:///Users/roek189/Library/CloudStorage/OneDrive-PNNL/Desktop/a/r/c/l/multi/oat/oat_suite/solar/src/matrices/types/compressed_sparse.rs":{"language":"Rust","code":0,"comment":9,"blank":3},"file:///Users/roek189/Library/CloudStorage/OneDrive-PNNL/Desktop/a/r/c/l/multi/oat/oat_suite/solar/src/matrices/types/dense.rs":{"language":"Rust","code":0,"comment":0,"blank":1},"file:///Users/roek189/Library/CloudStorage/OneDrive-PNNL/Desktop/a/r/c/l/multi/oat/oat_suite/solar/src/matrices/types/mod.rs":{"language":"Rust","code":8,"comment":1,"blank":2},"file:///Users/roek189/Library/CloudStorage/OneDrive-PNNL/Desktop/a/r/c/l/multi/oat/oat_suite/solar/src/matrices/types/vec_of_csvec.rs":{"language":"Rust","code":27,"comment":1,"blank":9},"file:///Users/roek189/Library/CloudStorage/OneDrive-PNNL/Desktop/a/r/c/l/multi/oat/oat_suite/solar/src/matrices/types/vec_of_vec.rs":{"language":"Rust","code":610,"comment":477,"blank":291},"file:///Users/roek189/Library/CloudStorage/OneDrive-PNNL/Desktop/a/r/c/l/multi/oat/oat_suite/solar/src/rings/operator_traits.rs":{"language":"Rust","code":55,"comment":51,"blank":49},"file:///Users/roek189/Library/CloudStorage/OneDrive-PNNL/Desktop/a/r/c/l/multi/oat/oat_suite/solar/src/matrices/types/csm.rs":{"language":"Rust","code":0,"comment":7,"blank":0},"file:///Users/roek189/Library/CloudStorage/OneDrive-PNNL/Desktop/a/r/c/l/multi/oat/oat_suite/solar/src/chains/jordan.rs":{"language":"Rust","code":226,"comment":60,"blank":43},"file:///Users/roek189/Library/CloudStorage/OneDrive-PNNL/Desktop/a/r/c/l/multi/oat/oat_suite/solar/src/vectors/mod.rs":{"language":"Rust","code":3,"comment":43,"blank":5},"file:///Users/roek189/Library/CloudStorage/OneDrive-PNNL/Desktop/a/r/c/l/multi/oat/oat_suite/solar/src/matrices/operations/vec_of_vec_reduction.rs":{"language":"Rust","code":185,"comment":123,"blank":58},"file:///Users/roek189/Library/CloudStorage/OneDrive-PNNL/Desktop/a/r/c/l/multi/oat/oat_suite/solar/src/utilities/mod.rs":{"language":"Rust","code":12,"comment":5,"blank":1},"file:///Users/roek189/Library/CloudStorage/OneDrive-PNNL/Desktop/a/r/c/l/multi/oat/oat_suite/solar/src/utilities/combinatorics.rs":{"language":"Rust","code":61,"comment":41,"blank":29},"file:///Users/roek189/Library/CloudStorage/OneDrive-PNNL/Desktop/a/r/c/l/multi/oat/oat_suite/solar/src/tutorials/work_with_references.rs":{"language":"Rust","code":0,"comment":37,"blank":2},"file:///Users/roek189/Library/CloudStorage/OneDrive-PNNL/Desktop/a/r/c/l/multi/oat/oat_suite/solar/src/utilities/indexing_and_bijection.rs":{"language":"Rust","code":102,"comment":75,"blank":61},"file:///Users/roek189/Library/CloudStorage/OneDrive-PNNL/Desktop/a/r/c/l/multi/oat/oat_suite/solar/src/matrices/help/creating_new_matrix_types.rs":{"language":"Rust","code":0,"comment":374,"blank":0},"file:///Users/roek189/Library/CloudStorage/OneDrive-PNNL/Desktop/a/r/c/l/multi/oat/oat_suite/solar/src/tutorials/solar_quick_start.rs":{"language":"Rust","code":0,"comment":178,"blank":3},"file:///Users/roek189/Library/CloudStorage/OneDrive-PNNL/Desktop/a/r/c/l/multi/oat/oat_suite/solar/src/developer/open_questions.rs":{"language":"Rust","code":0,"comment":50,"blank":1},"file:///Users/roek189/Library/CloudStorage/OneDrive-PNNL/Desktop/a/r/c/l/multi/oat/oat_suite/solar/src/tutorials/work_with_clones_and_copies.rs":{"language":"Rust","code":0,"comment":58,"blank":0},"file:///Users/roek189/Library/CloudStorage/OneDrive-PNNL/Desktop/a/r/c/l/multi/oat/oat_suite/solar/src/tutorials/traits.rs":{"language":"Rust","code":0,"comment":27,"blank":0},"file:///Users/roek189/Library/CloudStorage/OneDrive-PNNL/Desktop/a/r/c/l/multi/oat/oat_suite/solar/src/matrices/help/working_with_matrices.rs":{"language":"Rust","code":0,"comment":8,"blank":1},"file:///Users/roek189/Library/CloudStorage/OneDrive-PNNL/Desktop/a/r/c/l/multi/oat/oat_suite/solar/src/vectors/operations.rs":{"language":"Rust","code":585,"comment":648,"blank":235},"file:///Users/roek189/Library/CloudStorage/OneDrive-PNNL/Desktop/a/r/c/l/multi/oat/oat_suite/solar/src/developer/job_list.rs":{"language":"Rust","code":0,"comment":130,"blank":0},"file:///Users/roek189/Library/CloudStorage/OneDrive-PNNL/Desktop/a/r/c/l/multi/oat/oat_suite/solar/src/utilities/sets.rs":{"language":"Rust","code":35,"comment":20,"blank":13},"file:///Users/roek189/Library/CloudStorage/OneDrive-PNNL/Desktop/a/r/c/l/multi/oat/oat_suite/solar/src/tutorials/mod.rs":{"language":"Rust","code":6,"comment":2,"blank":1},"file:///Users/roek189/Library/CloudStorage/OneDrive-PNNL/Desktop/a/r/c/l/multi/oat/oat_suite/solar/src/matrices/operations/transpose.rs":{"language":"Rust","code":0,"comment":1,"blank":0},"file:///Users/roek189/Library/CloudStorage/OneDrive-PNNL/Desktop/a/r/c/l/multi/oat/oat_suite/solar/src/matrices/operations/invert.rs":{"language":"Rust","code":363,"comment":240,"blank":140},"file:///Users/roek189/Library/CloudStorage/OneDrive-PNNL/Desktop/a/r/c/l/multi/oat/oat_suite/solar/src/matrices/help/mod.rs":{"language":"Rust","code":4,"comment":1,"blank":2},"file:///Users/roek189/Library/CloudStorage/OneDrive-PNNL/Desktop/a/r/c/l/multi/oat/oat_suite/solar/src/utilities/statistics.rs":{"language":"Rust","code":13,"comment":6,"blank":4},"file:///Users/roek189/Library/CloudStorage/OneDrive-PNNL/Desktop/a/r/c/l/multi/oat/oat_suite/solar/src/matrices/operations/mod.rs":{"language":"Rust","code":8,"comment":2,"blank":1},"file:///Users/roek189/Library/CloudStorage/OneDrive-PNNL/Desktop/a/r/c/l/multi/oat/oat_suite/solar/src/developer/guidelines.rs":{"language":"Rust","code":0,"comment":53,"blank":1},"file:///Users/roek189/Library/CloudStorage/OneDrive-PNNL/Desktop/a/r/c/l/multi/oat/oat_suite/solar/src/vectors/linear_combinations.rs":{"language":"Rust","code":164,"comment":43,"blank":38},"file:///Users/roek189/Library/CloudStorage/OneDrive-PNNL/Desktop/a/r/c/l/multi/oat/oat_suite/solar/src/tutorials/matrix_oracle_first_steps.rs":{"language":"Rust","code":0,"comment":209,"blank":23},"file:///Users/roek189/Library/CloudStorage/OneDrive-PNNL/Desktop/a/r/c/l/multi/oat/oat_suite/solar/src/matrices/help/trouble_shooting.rs":{"language":"Rust","code":0,"comment":14,"blank":1},"file:///Users/roek189/Library/CloudStorage/OneDrive-PNNL/Desktop/a/r/c/l/multi/oat/oat_suite/solar/src/developer/mod.rs":{"language":"Rust","code":4,"comment":1,"blank":1},"file:///Users/roek189/Library/CloudStorage/OneDrive-PNNL/Desktop/a/r/c/l/multi/oat/oat_suite/solar/src/utilities/sequences_and_ordinals.rs":{"language":"Rust","code":258,"comment":246,"blank":123},"file:///Users/roek189/Library/CloudStorage/OneDrive-PNNL/Desktop/a/r/c/l/multi/oat/oat_suite/solar/src/tutorials/rust_workflow.rs":{"language":"Rust","code":0,"comment":46,"blank":7},"file:///Users/roek189/Library/CloudStorage/OneDrive-PNNL/Desktop/a/r/c/l/multi/oat/oat_suite/solar/src/matrices/operations/transform_entry_wise.rs":{"language":"Rust","code":171,"comment":73,"blank":85},"file:///Users/roek189/Library/CloudStorage/OneDrive-PNNL/Desktop/a/r/c/l/multi/oat/oat_suite/solar/src/developer/rust_debugging.rs":{"language":"Rust","code":0,"comment":14,"blank":0},"file:///Users/roek189/Library/CloudStorage/OneDrive-PNNL/Desktop/a/r/c/l/multi/oat/oat_suite/solar/src/matrices/help/common_challenges.rs":{"language":"Rust","code":0,"comment":16,"blank":0},"file:///Users/roek189/Library/CloudStorage/OneDrive-PNNL/Desktop/a/r/c/l/multi/oat/oat_suite/solar/src/matrices/operations/multiply.rs":{"language":"Rust","code":524,"comment":346,"blank":172},"file:///Users/roek189/Library/CloudStorage/OneDrive-PNNL/Desktop/a/r/c/l/multi/oat/oat_suite/solar/src/matrices/operations/transform_vector_wise.rs":{"language":"Rust","code":404,"comment":119,"blank":176},"file:///Users/roek189/Library/CloudStorage/OneDrive-PNNL/Desktop/a/r/c/l/multi/oat/oat_suite/solar/src/rings/mod.rs":{"language":"Rust","code":2,"comment":80,"blank":2},"file:///Users/roek189/Library/CloudStorage/OneDrive-PNNL/Desktop/a/r/c/l/multi/oat/oat_suite/solar/src/utilities/order.rs":{"language":"Rust","code":272,"comment":197,"blank":134},"file:///Users/roek189/Library/CloudStorage/OneDrive-PNNL/Desktop/a/r/c/l/multi/oat/oat_suite/solar/src/utilities/distances.rs":{"language":"Rust","code":23,"comment":2,"blank":17},"file:///Users/roek189/Library/CloudStorage/OneDrive-PNNL/Desktop/a/r/c/l/multi/oat/oat_suite/solar/src/utilities/binary_search.rs":{"language":"Rust","code":82,"comment":161,"blank":23},"file:///Users/roek189/Library/CloudStorage/OneDrive-PNNL/Desktop/a/r/c/l/multi/oat/oat_suite/solar/src/utilities/heaps/mod.rs":{"language":"Rust","code":1,"comment":2,"blank":3},"file:///Users/roek189/Library/CloudStorage/OneDrive-PNNL/Desktop/a/r/c/l/multi/oat/oat_suite/solar/src/utilities/iterators/mod.rs":{"language":"Rust","code":3,"comment":1,"blank":2},"file:///Users/roek189/Library/CloudStorage/OneDrive-PNNL/Desktop/a/r/c/l/multi/oat/oat_suite/solar/src/vectors/entries.rs":{"language":"Rust","code":167,"comment":137,"blank":114},"file:///Users/roek189/Library/CloudStorage/OneDrive-PNNL/Desktop/a/r/c/l/multi/oat/oat_suite/solar/src/utilities/iterators/is_sorted.rs":{"language":"Rust","code":30,"comment":34,"blank":18},"file:///Users/roek189/Library/CloudStorage/OneDrive-PNNL/Desktop/a/r/c/l/multi/oat/oat_suite/solar/src/utilities/iterators/general.rs":{"language":"Rust","code":502,"comment":321,"blank":204},"file:///Users/roek189/Library/CloudStorage/OneDrive-PNNL/Desktop/a/r/c/l/multi/oat/oat_suite/solar/src/utilities/functions/misc_functions.rs":{"language":"Rust","code":13,"comment":14,"blank":9},"file:///Users/roek189/Library/CloudStorage/OneDrive-PNNL/Desktop/a/r/c/l/multi/oat/oat_suite/solar/src/utilities/functions/mod.rs":{"language":"Rust","code":3,"comment":7,"blank":1},"file:///Users/roek189/Library/CloudStorage/OneDrive-PNNL/Desktop/a/r/c/l/multi/oat/oat_suite/solar/src/utilities/heaps/heap.rs":{"language":"Rust","code":174,"comment":170,"blank":68},"file:///Users/roek189/Library/CloudStorage/OneDrive-PNNL/Desktop/a/r/c/l/multi/oat/oat_suite/solar/src/utilities/functions/compose.rs":{"language":"Rust","code":55,"comment":29,"blank":41},"file:///Users/roek189/Library/CloudStorage/OneDrive-PNNL/Desktop/a/r/c/l/multi/oat/oat_suite/solar/src/vectors/implementors/csv.rs":{"language":"Rust","code":11,"comment":1,"blank":8},"file:///Users/roek189/Library/CloudStorage/OneDrive-PNNL/Desktop/a/r/c/l/multi/oat/oat_suite/solar/src/matrices/operations/solve/mod.rs":{"language":"Rust","code":2,"comment":3,"blank":2},"file:///Users/roek189/Library/CloudStorage/OneDrive-PNNL/Desktop/a/r/c/l/multi/oat/oat_suite/solar/src/vectors/implementors/mod.rs":{"language":"Rust","code":1,"comment":0,"blank":0},"file:///Users/roek189/Library/CloudStorage/OneDrive-PNNL/Desktop/a/r/c/l/multi/oat/oat_suite/solar/src/utilities/functions/evaluate.rs":{"language":"Rust","code":313,"comment":278,"blank":184},"file:///Users/roek189/Library/CloudStorage/OneDrive-PNNL/Desktop/a/r/c/l/multi/oat/oat_suite/solar/src/utilities/iterators/merge/heap_of_iterators.rs":{"language":"Rust","code":284,"comment":286,"blank":111},"file:///Users/roek189/Library/CloudStorage/OneDrive-PNNL/Desktop/a/r/c/l/multi/oat/oat_suite/solar/src/rings/operator_structs/field_prime_order.rs":{"language":"Rust","code":135,"comment":177,"blank":70},"file:///Users/roek189/Library/CloudStorage/OneDrive-PNNL/Desktop/a/r/c/l/multi/oat/oat_suite/solar/src/rings/operator_structs/mod.rs":{"language":"Rust","code":2,"comment":1,"blank":1},"file:///Users/roek189/Library/CloudStorage/OneDrive-PNNL/Desktop/a/r/c/l/multi/oat/oat_suite/solar/src/utilities/iterators/merge/mod.rs":{"language":"Rust","code":2,"comment":1,"blank":1},"file:///Users/roek189/Library/CloudStorage/OneDrive-PNNL/Desktop/a/r/c/l/multi/oat/oat_suite/solar/src/matrices/operations/umatch/diagnostics.rs":{"language":"Rust","code":215,"comment":42,"blank":52},"file:///Users/roek189/Library/CloudStorage/OneDrive-PNNL/Desktop/a/r/c/l/multi/oat/oat_suite/solar/src/utilities/iterators/merge/two_iter_different_type.rs":{"language":"Rust","code":75,"comment":27,"blank":32},"file:///Users/roek189/Library/CloudStorage/OneDrive-PNNL/Desktop/a/r/c/l/multi/oat/oat_suite/solar/src/matrices/operations/solve/echelon.rs":{"language":"Rust","code":915,"comment":395,"blank":328},"file:///Users/roek189/Library/CloudStorage/OneDrive-PNNL/Desktop/a/r/c/l/multi/oat/oat_suite/solar/src/matrices/operations/umatch/row_major_only.rs":{"language":"Rust","code":1606,"comment":863,"blank":611},"file:///Users/roek189/Library/CloudStorage/OneDrive-PNNL/Desktop/a/r/c/l/multi/oat/oat_suite/solar/src/matrices/operations/umatch/mod.rs":{"language":"Rust","code":2,"comment":33,"blank":3},"file:///Users/roek189/Library/CloudStorage/OneDrive-PNNL/Desktop/a/r/c/l/multi/oat/oat_suite/solar/src/matrices/operations/solve/triangle.rs":{"language":"Rust","code":261,"comment":102,"blank":103},"file:///Users/roek189/Library/CloudStorage/OneDrive-PNNL/Desktop/a/r/c/l/multi/oat/oat_suite/solar/src/rings/operator_structs/ring_native.rs":{"language":"Rust","code":228,"comment":139,"blank":41},"file:///Users/roek189/Library/CloudStorage/OneDrive-PNNL/Desktop/a/r/c/l/multi/oat/oat_suite/solar/src/matrices/operations/umatch/developer.rs":{"language":"Rust","code":0,"comment":88,"blank":0},"file:///Users/roek189/Library/CloudStorage/OneDrive-PNNL/Desktop/a/r/c/l/multi/oat/oat_suite/solar/src/matrices/operations/umatch/row_major.rs":{"language":"Rust","code":2965,"comment":1227,"blank":997}}