"filename", "language", "Rust", "Markdown", "comment", "blank", "total"
"/Users/roek189/Library/CloudStorage/OneDrive-PNNL/Desktop/a/r/c/l/multi/oat/oat_suite/solar/CONTRIBUTING.md", "Markdown", 0, 41, 0, 21, 62
"/Users/roek189/Library/CloudStorage/OneDrive-PNNL/Desktop/a/r/c/l/multi/oat/oat_suite/solar/DISCLAIMER.md", "Markdown", 0, 7, 0, 1, 8
"/Users/roek189/Library/CloudStorage/OneDrive-PNNL/Desktop/a/r/c/l/multi/oat/oat_suite/solar/LICENSE.md", "Markdown", 0, 6, 0, 3, 9
"/Users/roek189/Library/CloudStorage/OneDrive-PNNL/Desktop/a/r/c/l/multi/oat/oat_suite/solar/README.md", "Markdown", 0, 18, 0, 15, 33
"/Users/roek189/Library/CloudStorage/OneDrive-PNNL/Desktop/a/r/c/l/multi/oat/oat_suite/solar/src/bin/reusable_file_to_debug.rs", "Rust", 3, 0, 0, 4, 7
"/Users/roek189/Library/CloudStorage/OneDrive-PNNL/Desktop/a/r/c/l/multi/oat/oat_suite/solar/src/chains/factored.rs", "Rust", 331, 0, 138, 68, 537
"/Users/roek189/Library/CloudStorage/OneDrive-PNNL/Desktop/a/r/c/l/multi/oat/oat_suite/solar/src/chains/jordan.rs", "Rust", 226, 0, 60, 43, 329
"/Users/roek189/Library/CloudStorage/OneDrive-PNNL/Desktop/a/r/c/l/multi/oat/oat_suite/solar/src/chains/mod.rs", "Rust", 2, 0, 1, 1, 4
"/Users/roek189/Library/CloudStorage/OneDrive-PNNL/Desktop/a/r/c/l/multi/oat/oat_suite/solar/src/developer/guidelines.rs", "Rust", 0, 0, 53, 1, 54
"/Users/roek189/Library/CloudStorage/OneDrive-PNNL/Desktop/a/r/c/l/multi/oat/oat_suite/solar/src/developer/job_list.rs", "Rust", 0, 0, 130, 0, 130
"/Users/roek189/Library/CloudStorage/OneDrive-PNNL/Desktop/a/r/c/l/multi/oat/oat_suite/solar/src/developer/mod.rs", "Rust", 4, 0, 1, 1, 6
"/Users/roek189/Library/CloudStorage/OneDrive-PNNL/Desktop/a/r/c/l/multi/oat/oat_suite/solar/src/developer/open_questions.rs", "Rust", 0, 0, 50, 1, 51
"/Users/roek189/Library/CloudStorage/OneDrive-PNNL/Desktop/a/r/c/l/multi/oat/oat_suite/solar/src/developer/rust_debugging.rs", "Rust", 0, 0, 14, 0, 14
"/Users/roek189/Library/CloudStorage/OneDrive-PNNL/Desktop/a/r/c/l/multi/oat/oat_suite/solar/src/lib.rs", "Rust", 7, 0, 334, 4, 345
"/Users/roek189/Library/CloudStorage/OneDrive-PNNL/Desktop/a/r/c/l/multi/oat/oat_suite/solar/src/main.rs", "Rust", 3, 0, 7, 5, 15
"/Users/roek189/Library/CloudStorage/OneDrive-PNNL/Desktop/a/r/c/l/multi/oat/oat_suite/solar/src/matrices/debug.rs", "Rust", 218, 0, 28, 31, 277
"/Users/roek189/Library/CloudStorage/OneDrive-PNNL/Desktop/a/r/c/l/multi/oat/oat_suite/solar/src/matrices/developer.rs", "Rust", 0, 0, 52, 1, 53
"/Users/roek189/Library/CloudStorage/OneDrive-PNNL/Desktop/a/r/c/l/multi/oat/oat_suite/solar/src/matrices/developer_notes.rs", "Rust", 0, 0, 52, 1, 53
"/Users/roek189/Library/CloudStorage/OneDrive-PNNL/Desktop/a/r/c/l/multi/oat/oat_suite/solar/src/matrices/display.rs", "Rust", 48, 0, 29, 21, 98
"/Users/roek189/Library/CloudStorage/OneDrive-PNNL/Desktop/a/r/c/l/multi/oat/oat_suite/solar/src/matrices/help/common_challenges.rs", "Rust", 0, 0, 16, 0, 16
"/Users/roek189/Library/CloudStorage/OneDrive-PNNL/Desktop/a/r/c/l/multi/oat/oat_suite/solar/src/matrices/help/creating_new_matrix_types.rs", "Rust", 0, 0, 374, 0, 374
"/Users/roek189/Library/CloudStorage/OneDrive-PNNL/Desktop/a/r/c/l/multi/oat/oat_suite/solar/src/matrices/help/mod.rs", "Rust", 4, 0, 1, 2, 7
"/Users/roek189/Library/CloudStorage/OneDrive-PNNL/Desktop/a/r/c/l/multi/oat/oat_suite/solar/src/matrices/help/trouble_shooting.rs", "Rust", 0, 0, 14, 1, 15
"/Users/roek189/Library/CloudStorage/OneDrive-PNNL/Desktop/a/r/c/l/multi/oat/oat_suite/solar/src/matrices/help/working_with_matrices.rs", "Rust", 0, 0, 8, 1, 9
"/Users/roek189/Library/CloudStorage/OneDrive-PNNL/Desktop/a/r/c/l/multi/oat/oat_suite/solar/src/matrices/mod.rs", "Rust", 8, 0, 69, 2, 79
"/Users/roek189/Library/CloudStorage/OneDrive-PNNL/Desktop/a/r/c/l/multi/oat/oat_suite/solar/src/matrices/operations/invert.rs", "Rust", 363, 0, 240, 140, 743
"/Users/roek189/Library/CloudStorage/OneDrive-PNNL/Desktop/a/r/c/l/multi/oat/oat_suite/solar/src/matrices/operations/mod.rs", "Rust", 8, 0, 2, 1, 11
"/Users/roek189/Library/CloudStorage/OneDrive-PNNL/Desktop/a/r/c/l/multi/oat/oat_suite/solar/src/matrices/operations/multiply.rs", "Rust", 524, 0, 346, 172, 1042
"/Users/roek189/Library/CloudStorage/OneDrive-PNNL/Desktop/a/r/c/l/multi/oat/oat_suite/solar/src/matrices/operations/solve/echelon.rs", "Rust", 915, 0, 395, 328, 1638
"/Users/roek189/Library/CloudStorage/OneDrive-PNNL/Desktop/a/r/c/l/multi/oat/oat_suite/solar/src/matrices/operations/solve/mod.rs", "Rust", 2, 0, 3, 2, 7
"/Users/roek189/Library/CloudStorage/OneDrive-PNNL/Desktop/a/r/c/l/multi/oat/oat_suite/solar/src/matrices/operations/solve/triangle.rs", "Rust", 261, 0, 102, 103, 466
"/Users/roek189/Library/CloudStorage/OneDrive-PNNL/Desktop/a/r/c/l/multi/oat/oat_suite/solar/src/matrices/operations/transform_entry_wise.rs", "Rust", 171, 0, 73, 85, 329
"/Users/roek189/Library/CloudStorage/OneDrive-PNNL/Desktop/a/r/c/l/multi/oat/oat_suite/solar/src/matrices/operations/transform_vector_wise.rs", "Rust", 404, 0, 119, 176, 699
"/Users/roek189/Library/CloudStorage/OneDrive-PNNL/Desktop/a/r/c/l/multi/oat/oat_suite/solar/src/matrices/operations/transpose.rs", "Rust", 0, 0, 1, 0, 1
"/Users/roek189/Library/CloudStorage/OneDrive-PNNL/Desktop/a/r/c/l/multi/oat/oat_suite/solar/src/matrices/operations/umatch/developer.rs", "Rust", 0, 0, 88, 0, 88
"/Users/roek189/Library/CloudStorage/OneDrive-PNNL/Desktop/a/r/c/l/multi/oat/oat_suite/solar/src/matrices/operations/umatch/diagnostics.rs", "Rust", 215, 0, 42, 52, 309
"/Users/roek189/Library/CloudStorage/OneDrive-PNNL/Desktop/a/r/c/l/multi/oat/oat_suite/solar/src/matrices/operations/umatch/mod.rs", "Rust", 2, 0, 33, 3, 38
"/Users/roek189/Library/CloudStorage/OneDrive-PNNL/Desktop/a/r/c/l/multi/oat/oat_suite/solar/src/matrices/operations/umatch/row_major.rs", "Rust", 2965, 0, 1227, 997, 5189
"/Users/roek189/Library/CloudStorage/OneDrive-PNNL/Desktop/a/r/c/l/multi/oat/oat_suite/solar/src/matrices/operations/umatch/row_major_only.rs", "Rust", 1606, 0, 863, 611, 3080
"/Users/roek189/Library/CloudStorage/OneDrive-PNNL/Desktop/a/r/c/l/multi/oat/oat_suite/solar/src/matrices/operations/vec_of_vec_reduction.rs", "Rust", 185, 0, 123, 58, 366
"/Users/roek189/Library/CloudStorage/OneDrive-PNNL/Desktop/a/r/c/l/multi/oat/oat_suite/solar/src/matrices/query.rs", "Rust", 470, 0, 417, 271, 1158
"/Users/roek189/Library/CloudStorage/OneDrive-PNNL/Desktop/a/r/c/l/multi/oat/oat_suite/solar/src/matrices/random_constructors.rs", "Rust", 110, 0, 36, 30, 176
"/Users/roek189/Library/CloudStorage/OneDrive-PNNL/Desktop/a/r/c/l/multi/oat/oat_suite/solar/src/matrices/types/ESSENTIAL_TO_DO.md", "Markdown", 0, 3, 0, 3, 6
"/Users/roek189/Library/CloudStorage/OneDrive-PNNL/Desktop/a/r/c/l/multi/oat/oat_suite/solar/src/matrices/types/compressed_sparse.rs", "Rust", 0, 0, 9, 3, 12
"/Users/roek189/Library/CloudStorage/OneDrive-PNNL/Desktop/a/r/c/l/multi/oat/oat_suite/solar/src/matrices/types/csm.rs", "Rust", 0, 0, 7, 0, 7
"/Users/roek189/Library/CloudStorage/OneDrive-PNNL/Desktop/a/r/c/l/multi/oat/oat_suite/solar/src/matrices/types/dense.rs", "Rust", 0, 0, 0, 1, 1
"/Users/roek189/Library/CloudStorage/OneDrive-PNNL/Desktop/a/r/c/l/multi/oat/oat_suite/solar/src/matrices/types/hash_of_vec.rs", "Rust", 30, 0, 24, 27, 81
"/Users/roek189/Library/CloudStorage/OneDrive-PNNL/Desktop/a/r/c/l/multi/oat/oat_suite/solar/src/matrices/types/matching.rs", "Rust", 418, 0, 267, 177, 862
"/Users/roek189/Library/CloudStorage/OneDrive-PNNL/Desktop/a/r/c/l/multi/oat/oat_suite/solar/src/matrices/types/mod.rs", "Rust", 8, 0, 1, 2, 11
"/Users/roek189/Library/CloudStorage/OneDrive-PNNL/Desktop/a/r/c/l/multi/oat/oat_suite/solar/src/matrices/types/oracle_deref.rs", "Rust", 100, 0, 229, 186, 515
"/Users/roek189/Library/CloudStorage/OneDrive-PNNL/Desktop/a/r/c/l/multi/oat/oat_suite/solar/src/matrices/types/oracle_ref.rs", "Rust", 87, 0, 15, 50, 152
"/Users/roek189/Library/CloudStorage/OneDrive-PNNL/Desktop/a/r/c/l/multi/oat/oat_suite/solar/src/matrices/types/prepend_viewmaj.rs", "Rust", 99, 0, 51, 56, 206
"/Users/roek189/Library/CloudStorage/OneDrive-PNNL/Desktop/a/r/c/l/multi/oat/oat_suite/solar/src/matrices/types/scalar_matrices.rs", "Rust", 128, 0, 250, 89, 467
"/Users/roek189/Library/CloudStorage/OneDrive-PNNL/Desktop/a/r/c/l/multi/oat/oat_suite/solar/src/matrices/types/transpose.rs", "Rust", 121, 0, 85, 124, 330
"/Users/roek189/Library/CloudStorage/OneDrive-PNNL/Desktop/a/r/c/l/multi/oat/oat_suite/solar/src/matrices/types/vec_of_csvec.rs", "Rust", 27, 0, 1, 9, 37
"/Users/roek189/Library/CloudStorage/OneDrive-PNNL/Desktop/a/r/c/l/multi/oat/oat_suite/solar/src/matrices/types/vec_of_vec.rs", "Rust", 610, 0, 477, 291, 1378
"/Users/roek189/Library/CloudStorage/OneDrive-PNNL/Desktop/a/r/c/l/multi/oat/oat_suite/solar/src/rings/mod.rs", "Rust", 2, 0, 80, 2, 84
"/Users/roek189/Library/CloudStorage/OneDrive-PNNL/Desktop/a/r/c/l/multi/oat/oat_suite/solar/src/rings/operator_structs/field_prime_order.rs", "Rust", 135, 0, 177, 70, 382
"/Users/roek189/Library/CloudStorage/OneDrive-PNNL/Desktop/a/r/c/l/multi/oat/oat_suite/solar/src/rings/operator_structs/mod.rs", "Rust", 2, 0, 1, 1, 4
"/Users/roek189/Library/CloudStorage/OneDrive-PNNL/Desktop/a/r/c/l/multi/oat/oat_suite/solar/src/rings/operator_structs/ring_native.rs", "Rust", 228, 0, 139, 41, 408
"/Users/roek189/Library/CloudStorage/OneDrive-PNNL/Desktop/a/r/c/l/multi/oat/oat_suite/solar/src/rings/operator_traits.rs", "Rust", 55, 0, 51, 49, 155
"/Users/roek189/Library/CloudStorage/OneDrive-PNNL/Desktop/a/r/c/l/multi/oat/oat_suite/solar/src/tutorials/matrix_oracle_first_steps.rs", "Rust", 0, 0, 209, 23, 232
"/Users/roek189/Library/CloudStorage/OneDrive-PNNL/Desktop/a/r/c/l/multi/oat/oat_suite/solar/src/tutorials/mod.rs", "Rust", 6, 0, 2, 1, 9
"/Users/roek189/Library/CloudStorage/OneDrive-PNNL/Desktop/a/r/c/l/multi/oat/oat_suite/solar/src/tutorials/rust_workflow.rs", "Rust", 0, 0, 46, 7, 53
"/Users/roek189/Library/CloudStorage/OneDrive-PNNL/Desktop/a/r/c/l/multi/oat/oat_suite/solar/src/tutorials/solar_quick_start.rs", "Rust", 0, 0, 178, 3, 181
"/Users/roek189/Library/CloudStorage/OneDrive-PNNL/Desktop/a/r/c/l/multi/oat/oat_suite/solar/src/tutorials/traits.rs", "Rust", 0, 0, 27, 0, 27
"/Users/roek189/Library/CloudStorage/OneDrive-PNNL/Desktop/a/r/c/l/multi/oat/oat_suite/solar/src/tutorials/work_with_clones_and_copies.rs", "Rust", 0, 0, 58, 0, 58
"/Users/roek189/Library/CloudStorage/OneDrive-PNNL/Desktop/a/r/c/l/multi/oat/oat_suite/solar/src/tutorials/work_with_references.rs", "Rust", 0, 0, 37, 2, 39
"/Users/roek189/Library/CloudStorage/OneDrive-PNNL/Desktop/a/r/c/l/multi/oat/oat_suite/solar/src/utilities/binary_search.rs", "Rust", 82, 0, 161, 23, 266
"/Users/roek189/Library/CloudStorage/OneDrive-PNNL/Desktop/a/r/c/l/multi/oat/oat_suite/solar/src/utilities/combinatorics.rs", "Rust", 61, 0, 41, 29, 131
"/Users/roek189/Library/CloudStorage/OneDrive-PNNL/Desktop/a/r/c/l/multi/oat/oat_suite/solar/src/utilities/distances.rs", "Rust", 23, 0, 2, 17, 42
"/Users/roek189/Library/CloudStorage/OneDrive-PNNL/Desktop/a/r/c/l/multi/oat/oat_suite/solar/src/utilities/functions/compose.rs", "Rust", 55, 0, 29, 41, 125
"/Users/roek189/Library/CloudStorage/OneDrive-PNNL/Desktop/a/r/c/l/multi/oat/oat_suite/solar/src/utilities/functions/evaluate.rs", "Rust", 313, 0, 278, 184, 775
"/Users/roek189/Library/CloudStorage/OneDrive-PNNL/Desktop/a/r/c/l/multi/oat/oat_suite/solar/src/utilities/functions/misc_functions.rs", "Rust", 13, 0, 14, 9, 36
"/Users/roek189/Library/CloudStorage/OneDrive-PNNL/Desktop/a/r/c/l/multi/oat/oat_suite/solar/src/utilities/functions/mod.rs", "Rust", 3, 0, 7, 1, 11
"/Users/roek189/Library/CloudStorage/OneDrive-PNNL/Desktop/a/r/c/l/multi/oat/oat_suite/solar/src/utilities/heaps/heap.rs", "Rust", 174, 0, 170, 68, 412
"/Users/roek189/Library/CloudStorage/OneDrive-PNNL/Desktop/a/r/c/l/multi/oat/oat_suite/solar/src/utilities/heaps/mod.rs", "Rust", 1, 0, 2, 3, 6
"/Users/roek189/Library/CloudStorage/OneDrive-PNNL/Desktop/a/r/c/l/multi/oat/oat_suite/solar/src/utilities/indexing_and_bijection.rs", "Rust", 102, 0, 75, 61, 238
"/Users/roek189/Library/CloudStorage/OneDrive-PNNL/Desktop/a/r/c/l/multi/oat/oat_suite/solar/src/utilities/iterators/general.rs", "Rust", 502, 0, 321, 204, 1027
"/Users/roek189/Library/CloudStorage/OneDrive-PNNL/Desktop/a/r/c/l/multi/oat/oat_suite/solar/src/utilities/iterators/is_sorted.rs", "Rust", 30, 0, 34, 18, 82
"/Users/roek189/Library/CloudStorage/OneDrive-PNNL/Desktop/a/r/c/l/multi/oat/oat_suite/solar/src/utilities/iterators/merge/heap_of_iterators.rs", "Rust", 284, 0, 286, 111, 681
"/Users/roek189/Library/CloudStorage/OneDrive-PNNL/Desktop/a/r/c/l/multi/oat/oat_suite/solar/src/utilities/iterators/merge/mod.rs", "Rust", 2, 0, 1, 1, 4
"/Users/roek189/Library/CloudStorage/OneDrive-PNNL/Desktop/a/r/c/l/multi/oat/oat_suite/solar/src/utilities/iterators/merge/two_iter_different_type.rs", "Rust", 75, 0, 27, 32, 134
"/Users/roek189/Library/CloudStorage/OneDrive-PNNL/Desktop/a/r/c/l/multi/oat/oat_suite/solar/src/utilities/iterators/mod.rs", "Rust", 3, 0, 1, 2, 6
"/Users/roek189/Library/CloudStorage/OneDrive-PNNL/Desktop/a/r/c/l/multi/oat/oat_suite/solar/src/utilities/mod.rs", "Rust", 12, 0, 5, 1, 18
"/Users/roek189/Library/CloudStorage/OneDrive-PNNL/Desktop/a/r/c/l/multi/oat/oat_suite/solar/src/utilities/order.rs", "Rust", 272, 0, 197, 134, 603
"/Users/roek189/Library/CloudStorage/OneDrive-PNNL/Desktop/a/r/c/l/multi/oat/oat_suite/solar/src/utilities/random.rs", "Rust", 51, 0, 10, 18, 79
"/Users/roek189/Library/CloudStorage/OneDrive-PNNL/Desktop/a/r/c/l/multi/oat/oat_suite/solar/src/utilities/sequences_and_ordinals.rs", "Rust", 258, 0, 246, 123, 627
"/Users/roek189/Library/CloudStorage/OneDrive-PNNL/Desktop/a/r/c/l/multi/oat/oat_suite/solar/src/utilities/sets.rs", "Rust", 35, 0, 20, 13, 68
"/Users/roek189/Library/CloudStorage/OneDrive-PNNL/Desktop/a/r/c/l/multi/oat/oat_suite/solar/src/utilities/statistics.rs", "Rust", 13, 0, 6, 4, 23
"/Users/roek189/Library/CloudStorage/OneDrive-PNNL/Desktop/a/r/c/l/multi/oat/oat_suite/solar/src/vectors/entries.rs", "Rust", 167, 0, 137, 114, 418
"/Users/roek189/Library/CloudStorage/OneDrive-PNNL/Desktop/a/r/c/l/multi/oat/oat_suite/solar/src/vectors/implementors/csv.rs", "Rust", 11, 0, 1, 8, 20
"/Users/roek189/Library/CloudStorage/OneDrive-PNNL/Desktop/a/r/c/l/multi/oat/oat_suite/solar/src/vectors/implementors/mod.rs", "Rust", 1, 0, 0, 0, 1
"/Users/roek189/Library/CloudStorage/OneDrive-PNNL/Desktop/a/r/c/l/multi/oat/oat_suite/solar/src/vectors/linear_combinations.rs", "Rust", 164, 0, 43, 38, 245
"/Users/roek189/Library/CloudStorage/OneDrive-PNNL/Desktop/a/r/c/l/multi/oat/oat_suite/solar/src/vectors/mod.rs", "Rust", 3, 0, 43, 5, 51
"/Users/roek189/Library/CloudStorage/OneDrive-PNNL/Desktop/a/r/c/l/multi/oat/oat_suite/solar/src/vectors/operations.rs", "Rust", 585, 0, 648, 235, 1468
"Total", "-", 14406, 75, 10767, 5971, 31219